<?xml version="1.0" encoding="UTF-8"?>
<!-- Table_of_Contents -->
<items>
<!-- *** Tools (perkMiner69r, perkMotherLode | perkTheHuntsman) -->
	<item name="meleeToolRepairT0StoneAxe">1,"Stone Axe","Hache de pierre"</item>
	<item name="meleeToolRepairT0TazasStoneAxe">1,"Taza's Stone Axe","Hache de pierre de Taza"</item>
	<item name="meleeToolRepairT1ClawHammer">1,"Claw Hammer","Arrache-clou"</item>
	<item name="meleeToolRepairT3Nailgun">1,"Nailgun","Pistolet à clous"</item>
	<item name="meleeToolAxeT1IronFireaxe">1,"Iron Fireaxe","Hache de pompier en fer"</item>
	<item name="meleeToolAxeT2SteelAxe">1,"Steel Axe","Hache en acier"</item>
	<item name="meleeToolPickT1IronPickaxe">1,"Iron Pickaxe","Pioche en fer"</item>
	<item name="meleeToolPickT2SteelPickaxe">1,"Steel Pickaxe","Pioche en acier"</item>
	<item name="meleeToolShovelT0StoneShovel">1,"Stone Shovel","Pelle en pierre"</item>
	<item name="meleeToolShovelT1IronShovel">1,"Iron Shovel","Pelle en fer"</item>
	<item name="meleeToolShovelT2SteelShovel">1,"Steel Shovel","Pelle en acier"</item>
	<item name="meleeToolAxeT3Chainsaw">1,"Chainsaw","Tronçonneuse"</item>
	<item name="meleeToolPickT3Auger">1,"Auger","Foreuse"</item>

<!-- *** Harvesting_Tools (perkSalvageOperations) -->
	<item name="meleeToolSalvageT1Wrench">1,"Wrench","Clé à molette"</item>
	<item name="meleeToolSalvageT2Ratchet">1,"Ratchet","Cliquet"</item>
	<item name="meleeToolSalvageT3ImpactDriver">1,"Impact Driver","Boulonneuse à choc"</item>

<!-- *** Blades (perkDeepCuts, perkTheHuntsman) -->
	<item name="meleeWpnBladeT0BoneKnife">1,"Bone Knife","Couteau en os"</item>
	<item name="meleeWpnBladeT1HuntingKnife">1,"Hunting Knife","Couteau de chasse"</item>
	<item name="meleeWpnBladeT1CandyKnife">1,"Candy Cane Knife","Couteau sucre d'orge"</item>
	<item name="meleeWpnBladeT3Machete">1,"Machete","Machette"</item>

<!-- *** Clubs (perkPummelPete) -->
	<item name="meleeWpnClubT0WoodenClub">1,"Wooden Club","Massue en bois"</item>
	<item name="meleeWpnClubT1BaseballBat">1,"Baseball Bat","Batte de baseball"</item>
	<item name="meleeWpnClubT1CandyClub">1,"Candy Cane Club","Massue sucre d'orge"</item>
	<item name="meleeWpnClubT3SteelClub">1,"Steel Club","Massue en acier"</item>

<!-- *** Batons (perkElectrocutioner) -->
	<item name="meleeWpnBatonT0PipeBaton">1,"Pipe Baton","Matraque en tuyau"</item>
	<item name="meleeWpnBatonT2StunBaton">1,"Stun Baton","Matraque électrique"</item>

<!-- *** Spears (perkJavelinMaster) -->
	<item name="meleeWpnSpearT0StoneSpear">1,"Stone Spear","Lance en pierre"</item>
	<item name="meleeWpnSpearT1IronSpear">1,"Iron Spear","Lance en fer"</item>
	<item name="meleeWpnSpearT3SteelSpear">1,"Steel Spear","Lance en acier"</item>

<!-- *** Sledgehammers (perkSkullCrusher) -->
	<item name="meleeWpnSledgeT0StoneSledgehammer">1,"Stone Sledgehammer","Masse en pierre"</item>
	<item name="meleeWpnSledgeT1IronSledgehammer">1,"Iron Sledgehammer","Masse en fer"</item>
	<item name="meleeWpnSledgeT3SteelSledgehammer">1,"Steel Sledgehammer","Masse en acier"</item>

<!-- *** Knuckles (perkBrawler) -->
	<item name="meleeWpnKnucklesT0LeatherKnuckles">1,"Knuckle Wraps","Bandages de boxe en cuir"</item>
	<item name="meleeWpnKnucklesT1IronKnuckles">1,"Iron Knuckles","Poing américain en fer"</item>
	<item name="meleeWpnKnucklesT3SteelKnuckles">1,"Steel Knuckles","Poing américain en acier"</item>

<!-- *** Misc_Tools -->
	<item name="meleeToolFlashlight02">1,"Flashlight","Lampe de poche"</item>
	<item name="meleeToolTorch">50,"Torch","Torche"</item>
	<item name="meleeToolWireTool">1,"Wire Tool","Outil de câblage"</item>
	<item name="meleeToolPaintTool">1,"Dev: Paint Brush","Dév. : pinceau"</item>

<!-- *** Pistols, SMG (perkGunslinger) -->
	<item name="gunHandgunT0PipePistol">1,"Pipe Pistol","Pistolet en tuyau","ammo9mmBulletBall,ammo9mmBulletHP,ammo9mmBulletAP"</item>
	<item name="gunHandgunT1Pistol">1,"Pistol","Pistolet","ammo9mmBulletBall,ammo9mmBulletHP,ammo9mmBulletAP"</item>
	<item name="gunHandgunT3SMG5">1,"SMG-5","SMG-5","ammo9mmBulletBall,ammo9mmBulletHP,ammo9mmBulletAP"</item>
	<item name="gunHandgunT2Magnum44">1,".44 Magnum","Magnum 44","ammo44MagnumBulletBall,ammo44MagnumBulletHP,ammo44MagnumBulletAP"</item>
	<item name="gunHandgunT3DesertVulture">1,".44 Desert Vulture",".44 Desert Vulture","ammo44MagnumBulletBall,ammo44MagnumBulletHP,ammo44MagnumBulletAP"</item>

<!-- *** Shotguns (perkBoomstick) -->
	<item name="gunShotgunT0PipeShotgun">1,"Pipe Shotgun","Fusil à pompe en tuyau","ammoShotgunShell,ammoShotgunSlug,ammoShotgunBreachingSlug"</item>
	<item name="gunShotgunT1DoubleBarrel">1,"Double Barrel Shotgun","Fusil à pompe à double canon","ammoShotgunShell,ammoShotgunSlug,ammoShotgunBreachingSlug"</item>
	<item name="gunShotgunT2PumpShotgun">1,"Pump Shotgun","Fusil à percussion","ammoShotgunShell,ammoShotgunSlug,ammoShotgunBreachingSlug"</item>
	<item name="gunShotgunT3AutoShotgun">1,"Auto Shotgun","Fusil à pompe auto","ammoShotgunShell,ammoShotgunSlug,ammoShotgunBreachingSlug"</item>

<!-- *** Rifles (perkDeadEye) -->
	<item name="gunRifleT0PipeRifle">1,"Pipe Rifle","Fusil en tuyau","ammo762mmBulletBall,ammo762mmBulletHP,ammo762mmBulletAP"</item>
	<item name="gunRifleT1HuntingRifle">1,"Hunting Rifle","Fusil de chasse","ammo762mmBulletBall,ammo762mmBulletHP,ammo762mmBulletAP"</item>
	<item name="gunRifleT2LeverActionRifle">1,"Lever Action Rifle","Fusil à levier","ammo762mmBulletBall,ammo762mmBulletHP,ammo762mmBulletAP"</item>
	<item name="gunRifleT3SniperRifle">1,"Sniper Rifle","Fusil de précision","ammo762mmBulletBall,ammo762mmBulletHP,ammo762mmBulletAP"</item>

<!-- *** Machine_Guns (perkMachineGunner) -->
	<item name="gunMGT0PipeMachineGun">1,"Pipe Machine Gun","Mitrailleuse en tuyau","ammo762mmBulletBall,ammo762mmBulletHP,ammo762mmBulletAP"</item>
	<item name="gunMGT1AK47">1,"AK-47 Machine Gun","Mitrailleuse AK-47","ammo762mmBulletBall,ammo762mmBulletHP,ammo762mmBulletAP"</item>
	<item name="gunMGT2TacticalAR">1,"Tactical Assault Rifle","Fusil d'assaut tactique","ammo762mmBulletBall,ammo762mmBulletHP,ammo762mmBulletAP"</item>
	<item name="gunMGT3M60">1,"M60 Machine Gun","Mitrailleuse M60","ammo762mmBulletBall,ammo762mmBulletHP,ammo762mmBulletAP"</item>

<!-- *** Rocket_Launcher (perkDemolitionsExpert) -->
	<item name="gunExplosivesT3RocketLauncher">1,"Rocket Launcher","Lance-roquettes","ammoRocketHE,ammoRocketFrag"</item>

<!-- *** Archery (perkArchery) -->
	<item name="gunBowT0PrimitiveBow">1,"Primitive Bow","Arc primitif","ammoArrowStone,ammoArrowIron,ammoArrowSteelAP,ammoArrowFlaming,ammoArrowExploding"</item>
	<item name="gunBowT1WoodenBow">1,"Wooden Bow","Arc en bois","ammoArrowStone,ammoArrowIron,ammoArrowSteelAP,ammoArrowFlaming,ammoArrowExploding"</item>
	<item name="gunBowT3CompoundBow">1,"Compound Bow","Arc à poulies","ammoArrowStone,ammoArrowIron,ammoArrowSteelAP,ammoArrowFlaming,ammoArrowExploding"</item>
	<item name="gunBowT1IronCrossbow">1,"Iron Crossbow","Arbalète en fer","ammoCrossbowBoltStone,ammoCrossbowBoltIron,ammoCrossbowBoltSteelAP,ammoCrossbowBoltFlaming,ammoCrossbowBoltExploding"</item>
	<item name="gunBowT3CompoundCrossbow">1,"Compound Crossbow","Arbalète à poulies","ammoCrossbowBoltStone,ammoCrossbowBoltIron,ammoCrossbowBoltSteelAP,ammoCrossbowBoltFlaming,ammoCrossbowBoltExploding"</item>

<!-- *** Robotics (perkTurrets) -->
	<item name="gunBotT1JunkSledge">1,"Robotic Sledge","Marteau robotique"</item>
	<item name="gunBotT2JunkTurret">1,"Robotic Turret","Tourelle robotique"</item>
	<item name="gunBotT3JunkDrone">1,"Robotic Drone","Drone de ferraille"</item>

<!-- *** Ammo -->
	<item name="ammo9mmBulletBall">300,"9mm Ammo","Munition cal. 9 mm"</item>
	<item name="ammo9mmBulletHP">300,"HiPower 9mm Ammo","Munition HtePuissance cal. 9 mm"</item>
	<item name="ammo9mmBulletAP">300,"AP 9mm Ammo","Munition AP cal. 9 mm"</item>
	<item name="ammo44MagnumBulletBall">300,".44 Magnum Ammo","Munition .44 Magnum"</item>
	<item name="ammo44MagnumBulletHP">300,"HiPower .44 Magnum Ammo","Munition HtePuissance .44 Magnum"</item>
	<item name="ammo44MagnumBulletAP">300,"AP .44 Magnum Ammo","Munition AP .44 Magnum"</item>
	<item name="ammo762mmBulletBall">150,"7.62mm Ammo","Munition cal. 7,62 mm"</item>
	<item name="ammo762mmBulletHP">150,"HiPower 7.62mm Ammo","Munition HtePuissance cal. 7,62 mm"</item>
	<item name="ammo762mmBulletAP">150,"AP 7.62mm Ammo","Munition AP cal. 7,62 mm"</item>
	<item name="ammoShotgunShell">150,"Shotgun Shell (Ammo)","Cartouche de fusil à pompe (munition)"</item>
	<item name="ammoShotgunSlug">150,"Shotgun AP Slug (Ammo)","Balle AP pour fusil à pompe (munition)"</item>
	<item name="ammoShotgunBreachingSlug">150,"Shotgun Breaching Slug (Ammo)","Balle brise-porte pour fusil à pompe"</item>
	<item name="ammoJunkTurretRegular">1000,"Robotic Turret Ammo","Munitions de tourelle robotique"</item>
	<item name="ammoJunkTurretShell">1000,"Robotic Turret Shells (Ammo)","Cartouches de tourelle robotique (munitions)"</item>
	<item name="ammoJunkTurretAP">1000,"AP Robotic Turret Ammo","Munitions AP de tourelle robotique"</item>
	<item name="ammoRocketHE">20,"Rocket HE (Ammo)","Roquette HE (munition)"</item>
	<item name="ammoRocketFrag">20,"Rocket Frag (Ammo)","Roquette à fragmentation (munition)"</item>
	<item name="ammoGasCan">10000,"Gas Can","Bidon d'essence"</item>
	<item name="ammoArrowStone">150,"Stone Arrow (Ammo)","Flèche en pierre (munition)"</item>
	<item name="ammoArrowIron">150,"Iron Arrow (Ammo)","Flèche en fer (munition)"</item>
	<item name="ammoArrowSteelAP">150,"Steel Arrow (Ammo)","Flèche en acier (munition)"</item>
	<item name="ammoArrowFlaming">150,"Flaming Arrow (Ammo)","Flèche enflammée (munition)"</item>
	<item name="ammoArrowExploding">150,"Exploding Arrow (Ammo)","Flèche explosive (munition)"</item>
	<item name="ammoCrossbowBoltStone">150,"Stone Crossbow Bolt (Ammo)","Carreau d'arbalète en pierre (munition)"</item>
	<item name="ammoCrossbowBoltIron">150,"Iron Crossbow Bolt (Ammo)","Carreau d'arbalète en fer (munition)"</item>
	<item name="ammoCrossbowBoltSteelAP">150,"Steel Crossbow Bolt (Ammo)","Carreau d'arbalète en acier (munition)"</item>
	<item name="ammoCrossbowBoltFlaming">150,"Flaming Crossbow Bolt (Ammo)","Carreau d'arbalète enflammé (munition)"</item>
	<item name="ammoCrossbowBoltExploding">150,"Exploding Crossbow Bolts","Carreaux d'arbalète explosifs"</item>

<!-- *** Crafted_Ammo_Bundles -->
	<item name="ammoBundleMaster">,"",""</item>
	<item name="ammoBundle9mmBulletBall">,"",""</item>
	<item name="ammoBundle9mmBulletHP">,"",""</item>
	<item name="ammoBundle9mmBulletAP">,"",""</item>
	<item name="ammoBundle44MagnumBulletBall">,"",""</item>
	<item name="ammoBundle44MagnumBulletHP">,"",""</item>
	<item name="ammoBundle44MagnumBulletAP">,"",""</item>
	<item name="ammoBundle762mmBulletBall">,"",""</item>
	<item name="ammoBundle762mmBulletHP">,"",""</item>
	<item name="ammoBundle762mmBulletAP">,"",""</item>
	<item name="ammoBundleShotgunShell">,"",""</item>
	<item name="ammoBundleShotgunSlug">,"",""</item>
	<item name="ammoBundleShotgunBreachingSlug">,"",""</item>
	<item name="ammoBundleJunkTurretRegular">,"",""</item>
	<item name="ammoBundleJunkTurretShell">,"",""</item>
	<item name="ammoBundleJunkTurretAP">,"",""</item>
	<item name="ammoBundleArrowStone">,"",""</item>
	<item name="ammoBundleArrowIron">,"",""</item>
	<item name="ammoBundleArrowSteelAP">,"",""</item>
	<item name="ammoBundleArrowFlaming">,"",""</item>
	<item name="ammoBundleArrowExploding">,"",""</item>
	<item name="ammoBundleCrossbowBoltStone">,"",""</item>
	<item name="ammoBundleCrossbowBoltIron">,"",""</item>
	<item name="ammoBundleCrossbowBoltSteelAP">,"",""</item>
	<item name="ammoBundleCrossbowBoltFlaming">,"",""</item>
	<item name="ammoBundleCrossbowBoltExploding">,"",""</item>

<!-- *** Crafted_Resource_Bundles -->
	<item name="resourceRockSmallBundle">,"",""</item>
	<item name="resourceWoodBundle">,"",""</item>
	<item name="resourceScrapIronBundle">,"",""</item>
	<item name="resourcePotassiumNitratePowderBundle">,"",""</item>
	<item name="resourceLeadBundle">,"",""</item>
	<item name="resourceCoalBundle">,"",""</item>
	<item name="resourceOilShaleBundle">,"",""</item>
	<item name="ammoGasCanBundle">,"",""</item>
	<item name="resourceGunPowderBundle">,"",""</item>

<!-- *** Throwable_Items -->
	<item name="thrownAmmoPipeBomb">20,"Pipe Bomb (Ammo)","Bombe-tuyau (munition)"</item>
	<item name="thrownGrenadeContact">25,"Contact Grenade (Ammo)","Grenade de contact (munition)"</item>
	<item name="thrownGrenade">25,"Grenade (Ammo)","Grenade (munition)"</item>
	<item name="thrownTimedCharge">10,"Timed Charge (Ammo)","Charge programmée (munition)"</item>
	<item name="thrownDynamite">10,"Stick of Dynamite (Ammo)","Bâton de dynamite (munition)"</item>
	<item name="thrownAmmoMolotovCocktail">20,"Molotov Cocktail (Ammo)","Cocktail Molotov (munition)"</item>
	<item name="ammoDartIron">500,"Iron Dart (Ammo)","Fléchette en fer (munition)"</item>

<!-- *** Crafting_Parts -->
	<item name="gunMGT1AK47Parts">,"",""</item>
	<item name="gunHandgunT1PistolParts">,"",""</item>
	<item name="gunRifleT1HuntingRifleParts">,"",""</item>
	<item name="gunShotgunT1DoubleBarrelParts">,"",""</item>
	<item name="gunBowT1WoodenBowParts">,"",""</item>
	<item name="gunExplosivesT3RocketLauncherParts">,"",""</item>
	<item name="gunBotRoboticsParts">,"",""</item>
	<item name="meleeWpnBatonT2StunBatonParts">,"",""</item>
	<item name="meleeWpnKnucklesT3SteelKnucklesParts">,"",""</item>
	<item name="meleeWpnBladeT3MacheteParts">,"",""</item>
	<item name="meleeWpnSpearT3SteelSpearParts">,"",""</item>
	<item name="meleeWpnClubT3SteelClubParts">,"",""</item>
	<item name="meleeWpnSledgeT3SteelSledgehammerParts">,"",""</item>
	<item name="meleeToolAllSteelParts">,"",""</item>
	<item name="armorParts">,"",""</item>
	<item name="meleeToolAxeT3ChainsawParts">,"",""</item>

<!-- *** Vehicles_Items -->
	<item name="vehicleWheels">,"",""</item>
	<item name="vehicleMinibikeChassis">,"",""</item>
	<item name="vehicleMinibikeHandlebars">,"",""</item>
	<item name="vehicleMinibikePlaceable">,"",""</item>
	<item name="vehicleBicycleChassis">,"",""</item>
	<item name="vehicleBicycleHandlebars">,"",""</item>
	<item name="vehicleBicyclePlaceable">,"",""</item>
	<item name="vehicleMotorcycleChassis">,"",""</item>
	<item name="vehicleMotorcycleHandlebars">,"",""</item>
	<item name="vehicleMotorcyclePlaceable">,"",""</item>
	<item name="vehicleTruck4x4Chassis">,"",""</item>
	<item name="vehicleTruck4x4Accessories">,"",""</item>
	<item name="vehicleTruck4x4Placeable">,"",""</item>
	<item name="vehicleGyroCopterChassis">,"",""</item>
	<item name="vehicleGyroCopterAccessories">,"",""</item>
	<item name="vehicleGyrocopterPlaceable">,"",""</item>

<!-- *** SDSC_Armor -->
	<item name="armorPrimitiveMaster">,"",""</item>
	<!-- *** PRIMITIVE_ARMOR -->
		<item name="armorPrimitiveHelmet">,"",""</item>
		<item name="armorPrimitiveOutfit">,"",""</item>
		<item name="armorPrimitiveGloves">,"",""</item>
		<item name="armorPrimitiveBoots">,"",""</item>

	<!-- *** LIGHT_ARMORS -->
		<item name="armorLightMaster">,"",""</item>
		<!-- *** LUMBERJACK -->
			<item name="armorLumberjackHelmet">,"",""</item>
			<item name="armorLumberjackOutfit">,"",""</item>
			<item name="armorLumberjackGloves">,"",""</item>
			<item name="armorLumberjackBoots">,"",""</item>
		<!-- *** PREACHER -->
			<item name="armorPreacherHelmet">,"",""</item>
			<item name="armorPreacherOutfit">,"",""</item>
			<item name="armorPreacherGloves">,"",""</item>
			<item name="armorPreacherBoots">,"",""</item>
		<!-- *** ROGUE -->
			<item name="armorRogueHelmet">,"",""</item>
			<item name="armorRogueOutfit">,"",""</item>
			<item name="armorRogueGloves">,"",""</item>
			<item name="armorRogueBoots">,"",""</item>
		<!-- *** ATHLETIC -->
			<item name="armorAthleticHelmet">,"",""</item>
			<item name="armorAthleticOutfit">,"",""</item>
			<item name="armorAthleticGloves">,"",""</item>
			<item name="armorAthleticBoots">,"",""</item>
		<!-- *** ENFORCER -->
			<item name="armorEnforcerHelmet">,"",""</item>
			<item name="armorEnforcerOutfit">,"",""</item>
			<item name="armorEnforcerGloves">,"",""</item>
			<item name="armorEnforcerBoots">,"",""</item>

	<!-- *** MEDIUM_ARMORS -->
		<item name="armorMediumMaster">,"",""</item>
		<!-- *** FARMER -->
			<item name="armorFarmerHelmet">,"",""</item>
			<item name="armorFarmerOutfit">,"",""</item>
			<item name="armorFarmerGloves">,"",""</item>
			<item name="armorFarmerBoots">,"",""</item>
		<!-- *** BIKER -->
			<item name="armorBikerHelmet">,"",""</item>
			<item name="armorBikerOutfit">,"",""</item>
			<item name="armorBikerGloves">,"",""</item>
			<item name="armorBikerBoots">,"",""</item>
		<!-- *** SCAVENGER -->
			<item name="armorScavengerHelmet">,"",""</item>
			<item name="armorScavengerOutfit">,"",""</item>
			<item name="armorScavengerGloves">,"",""</item>
			<item name="armorScavengerBoots">,"",""</item>
		<!-- *** RANGER -->
			<item name="armorRangerHelmet">,"",""</item>
			<item name="armorRangerOutfit">,"",""</item>
			<item name="armorRangerGloves">,"",""</item>
			<item name="armorRangerBoots">,"",""</item>
		<!-- *** COMMANDO -->
			<item name="armorCommandoHelmet">,"",""</item>
			<item name="armorCommandoOutfit">,"",""</item>
			<item name="armorCommandoGloves">,"",""</item>
			<item name="armorCommandoBoots">,"",""</item>
		<!-- *** ASSASSIN -->
			<item name="armorAssassinHelmet">,"",""</item>
			<item name="armorAssassinOutfit">,"",""</item>
			<item name="armorAssassinGloves">,"",""</item>
			<item name="armorAssassinBoots">,"",""</item>

	<!-- *** HEAVY_ARMORS -->
		<item name="armorHeavyMaster">,"",""</item>
		<!-- *** MINER -->
			<item name="armorMinerHelmet">,"",""</item>
			<item name="armorMinerOutfit">,"",""</item>
			<item name="armorMinerGloves">,"",""</item>
			<item name="armorMinerBoots">,"",""</item>
		<!-- *** NOMAD -->
			<item name="armorNomadHelmet">,"",""</item>
			<item name="armorNomadOutfit">,"",""</item>
			<item name="armorNomadGloves">,"",""</item>
			<item name="armorNomadBoots">,"",""</item>
		<!-- *** NERD -->
			<item name="armorNerdHelmet">,"",""</item>
			<item name="armorNerdOutfit">,"",""</item>
			<item name="armorNerdGloves">,"",""</item>
			<item name="armorNerdBoots">,"",""</item>
		<!-- *** RAIDER -->
			<item name="armorRaiderHelmet">,"",""</item>
			<item name="armorRaiderOutfit">,"",""</item>
			<item name="armorRaiderGloves">,"",""</item>
			<item name="armorRaiderBoots">,"",""</item>

<!-- *** DLC_ARMOR_SKINS -->
	<item name="armorDLCMaster">,"",""</item>
	<!-- *** DESERT -->
		<item name="armorDesertHelmet">,"",""</item>
		<item name="armorDesertOutfit">,"",""</item>
		<item name="armorDesertGloves">,"",""</item>
		<item name="armorDesertBoots">,"",""</item>
	<!-- *** HOARDER -->
		<item name="armorHoarderHelmet">,"",""</item>
		<item name="armorHoarderOutfit">,"",""</item>
		<item name="armorHoarderGloves">,"",""</item>
		<item name="armorHoarderBoots">,"",""</item>
	<!-- *** MARAUDER -->
		<item name="armorMarauderHelmet">,"",""</item>
		<item name="armorMarauderOutfit">,"",""</item>
		<item name="armorMarauderGloves">,"",""</item>
		<item name="armorMarauderBoots">,"",""</item>
	<!-- *** CRIMSONWARLORD -->
		<item name="armorCrimsonWarlordHelmet">,"",""</item>
		<item name="armorCrimsonWarlordOutfit">,"",""</item>
		<item name="armorCrimsonWarlordGloves">,"",""</item>
		<item name="armorCrimsonWarlordBoots">,"",""</item>
	<!-- *** SAMURAI -->
		<item name="armorSamuraiHelmet">,"",""</item>
		<item name="armorSamuraiOutfit">,"",""</item>
		<item name="armorSamuraiGloves">,"",""</item>
		<item name="armorSamuraiBoots">,"",""</item>

<!-- *** Medical_Items -->
	<item name="medicalAloeCream">15,"Aloe Cream","Pommade d'aloe vera"</item>
	<item name="medicalBandage">10,"Bandage","Bandage"</item>
	<item name="medicalFirstAidBandage">15,"First Aid Bandage","Bandage médical"</item>
	<item name="medicalFirstAidKit">5,"First Aid Kit","Trousse de premiers soins"</item>
	<item name="medicalSplint">5,"Splint","Attelle"</item>
	<item name="medicalPlasterCast">5,"Plaster Cast","Plâtre"</item>
	<item name="medicalBloodBag">15,"Blood Bag","Poche de sang"</item>
	<item name="drugVitamins">10,"Vitamins","Vitamines"</item>
	<item name="drugPainkillers">10,"Pain Killers","Antidouleurs"</item>
	<item name="drugHerbalAntibiotics">10,"Herbal Antibiotics","Antibiotiques naturels"</item>
	<item name="drugAntibiotics">10,"Antibiotics","Antibiotiques"</item>
	<item name="drugSteroids">10,"Steroids","Stéroïdes"</item>
	<item name="drugRecog">10,"Recog","Recog"</item>
	<item name="drugFortBites">10,"Fort Bites","Fort Bites"</item>

<!-- *** HAZARD_REDUCERS -->
	<item name="foodBurntSmoothie">,"",""</item>
	<item name="foodOasisSmoothie">,"",""</item>
	<item name="foodFrostbiteSmoothie">,"",""</item>
	<item name="foodAtomicSmoothie">,"",""</item>

<!-- *** CANDY -->
	<item name="drugAtomJunkies">,"",""</item>
	<item name="drugCovertCats">,"",""</item>
	<item name="drugEyeKandy">,"",""</item>
	<item name="drugHackers">,"",""</item>
	<item name="drugHealthBar">,"",""</item>
	<item name="drugJailBreakers">,"",""</item>
	<item name="drugNerdTats">,"",""</item>
	<item name="drugOhShitzDrops">,"",""</item>
	<item name="drugRockBusters">,"",""</item>
	<item name="drugSkullCrushers">,"",""</item>
	<item name="drugSugarButts">,"",""</item>

<!-- *** Food -->
	<item name="foodHoney">10,"Jar of Honey","Pot de miel"</item>
	<item name="foodCanBeef">10,"Large Beef Ration","Grande ration de bœuf"</item>
	<item name="foodCanChicken">10,"Chicken Ration","Ration de poulet"</item>
	<item name="foodCanLamb">10,"Lamb Rations","Rations d'agneau"</item>
	<item name="foodCanCatfood">10,"Can of Cat Food","Conserve de pâtée pour chat"</item>
	<item name="foodCanDogfood">10,"Can of Dog Food","Conserve de pâtée pour chien"</item>
	<item name="foodCanChili">10,"Can of Chili","Conserve de chili"</item>
	<item name="foodCanTuna">10,"Can of Tuna","Conserve de thon"</item>
	<item name="foodCanSham">10,"Can of Sham","Conserve de jambon"</item>
	<item name="foodCanPasta">10,"Can of Pasta","Conserve de pâtes"</item>
	<item name="foodCanSalmon">10,"Can of Salmon","Conserve de saumon"</item>
	<item name="foodCanMiso">10,"Can of Miso","Conserve de miso"</item>
	<item name="foodCanPeas">10,"Can of Peas","Conserve de petits pois"</item>
	<item name="foodCanPears">10,"Can of Pears","Conserve de poires"</item>
	<item name="foodCanSoup">10,"Chicken Soup","Soupe de poulet"</item>
	<item name="foodCanStock">10,"Can of Stock","Conserve de bouillon"</item>

	<!-- Grilled Corn -->
		<item name="foodCornOnTheCob">10,"Grilled Corn","Maïs grillé"</item>
		<item name="foodCornBread">10,"Corn Bread","Pain de maïs"</item>
		<item name="foodShamSandwich">10,"Old Sham Sandwich","Vieux sandwich artificiel"</item>
		<item name="foodCharredMeat">10,"Charred Meat","Viande brûlée"</item>
		<item name="foodGrilledMeat">10,"Grilled Meat","Viande grillée"</item>
		<item name="foodBoiledMeat">10,"Boiled Meat","Viande bouillie"</item>
		<item name="foodMeatStew">10,"Meat Stew","Ragoût de viande"</item>
		<item name="foodSteakAndPotato">10,"Steak and Potato Meal","Steak-frites"</item>
		<item name="foodShamChowder">10,"Sham Chowder","Soupe épaisse de jambon en conserve"</item>
		<item name="foodHoboStew">10,"Hobo Stew","Ragoût de vagabond"</item>
		<item name="foodFishTacos">10,"Fish Tacos","Tacos au poisson"</item>
		<item name="foodChiliDog">10,"Chili Dog","Hot dog au chili"</item>
		<item name="foodBakedPotato">10,"Baked Potato","Pomme de terre au four"</item>
		<item name="foodBlueberryPie">10,"Blueberry Pie","Tarte aux myrtilles"</item>
		<item name="foodPumpkinPie">10,"Pumpkin Pie","Tarte à la citrouille"</item>
		<item name="foodPumpkinCheesecake">10,"Pumpkin Cheesecake","Cheesecake à la citrouille"</item>
		<item name="foodPumpkinBread">10,"Pumpkin Bread","Pain à la citrouille"</item>
		<item name="foodGumboStew">10,"Gumbo Stew","Gombo"</item>
		<item name="foodShepardsPie">10,"Shepards Pie","Pastel de pastor"</item>
		<item name="foodSpaghetti">10,"Spaghetti","Spaghetti"</item>
		<item name="foodTunaFishGravyToast">10,"Tuna Fish Gravy Toast","Tartine au thon et au jus de viande"</item>
		<item name="foodEggBoiled">10,"Boiled Egg","Œuf dur"</item>
		<item name="foodBaconAndEggs">10,"Bacon and Eggs","Bacon et œufs"</item>
		<item name="foodVegetableStew">10,"Vegetable Stew","Ragoût de légumes"</item>
		<item name="foodRawMeat">125,"Raw Meat","Viande crue"</item>
		<item name="foodRottingFlesh">125,"Rotting Flesh","Chair pourrie"</item>
		<item name="foodEgg">125,"Egg","Œuf"</item>
		<item name="foodCornMeal">125,"Cornmeal","Farine de maïs"</item>
		<item name="foodCropBlueberries">125,"Blueberries","Myrtilles"</item>
		<item name="foodCropCorn">125,"Ear of Corn","Épi de maïs"</item>
		<item name="foodCropGraceCorn">125,"Ear of Super Corn","Épi de super maïs"</item>
		<item name="foodCropPotato">125,"Potato","Pomme de terre"</item>
		<item name="foodCropMushrooms">125,"Mushrooms","Champignons"</item>
		<item name="foodCropMushroomsRadiated">125,"Radiated Mushrooms","Champignons irradiés"</item>
		<item name="foodCropYuccaFruit">125,"Yucca Fruit","Yucca"</item>
		<item name="foodCropPumpkin">125,"Pumpkin","Citrouille"</item>

<!-- *** Drinks -->
	<!-- <item name="drinkCanEmpty">,"",""</item> -->
	<!-- <item name="drinkJarEmpty">,"",""</item> -->
	<!-- Murky Water -->
		<item name="drinkJarRiverWater">125,"Murky Water","Eau trouble"</item>
		<item name="drinkJarBoiledWater">10,"Water","Eau"</item>
		<item name="drinkJarPureMineralWater">10,"Pure Mineral Water","Eau minérale pure"</item>
		<item name="drinkJarYuccaJuice">10,"Yucca Juice","Jus de yucca"</item>
		<item name="drinkJarGoldenRodTea">10,"Goldenrod Tea","Thé de gerbe d'or"</item>
		<item name="drinkJarRedTea">10,"Red Tea","Thé rouge"</item>
		<item name="drinkYuccaJuiceSmoothie">10,"Yucca Juice Smoothie","Smoothie au jus de yucca"</item>
		<item name="drinkCanMegaCrush">10,"Mega Crush","Mega Crush"</item>
		<item name="drinkJarCoffee">10,"Coffee","Café"</item>
		<item name="drinkJarBlackStrapCoffee">10,"Blackstrap Coffee","Café Blackstrap"</item>
		<item name="drinkJarBeer">10,"Beer","Bière"</item>
		<item name="drinkJarGrandpasMoonshine">10,"Grandpa's Moonshine","Alcool de contrebande de papy"</item>
		<item name="drinkJarGrandpasAwesomeSauce">10,"Grandpa's Awesome Sauce","La bonne sauce de papy"</item>
		<item name="drinkJarGrandpasLearningElixir">10,"Grandpa's Learnin' Elixir","Élixir d'apprentissage de papy"</item>
		<item name="drinkJarGrandpasForgettingElixir">10,"Grandpa's Fergit'n Elixir","Élixir d'oubli de papy"</item>
		<item name="bucketEmpty">1,"Bucket","Seau"</item>
		<item name="bucketRiverWater">1,"Bucket of Water","Seau d'eau"</item>

<!-- *** Schematics_Books -->
	<item name="schematicMaster">,"",""</item>
	<item name="invisibleRecipesForRepairCost">,"",""</item><!-- Gating book for lootable things we don't want the player to repair -->
	<!-- *** Non-Quality_Schematics -->
		<item name="schematicNoQualityMaster">,"",""</item><!-- Different description that does not refer to an item quality -->
	<!-- *** Mod_Schematics -->
		<item name="modGunBarrelExtenderSchematic">,"",""</item>
		<item name="modGunMuzzleBrakeSchematic">,"",""</item>
		<item name="modGunSoundSuppressorSilencerSchematic">,"",""</item>
		<item name="modGunLaserSightSchematic">,"",""</item>
		<item name="modGunFlashlightSchematic">,"",""</item>
		<item name="modGunScopeSmallSchematic">,"",""</item>
		<item name="modGunScopeMediumSchematic">,"",""</item>
		<item name="modGunScopeLargeSchematic">,"",""</item>
		<item name="modGunReflexSightSchematic">,"",""</item>
		<item name="modGunTriggerGroupSemiSchematic">,"",""</item>
		<item name="modGunTriggerGroupBurst3Schematic">,"",""</item>
		<item name="modGunTriggerGroupAutomaticSchematic">,"",""</item>
		<item name="modGunBipodSchematic">,"",""</item>
		<item name="modGunForegripSchematic">,"",""</item>
		<item name="modGunRetractingStockSchematic">,"",""</item>
		<item name="modGunDuckbillSchematic">,"",""</item>
		<item name="modGunChokeSchematic">,"",""</item>
		<item name="modGunMagazineExtenderSchematic">,"",""</item>
		<item name="modShotgunSawedOffBarrelSchematic">,"",""</item>
		<item name="modGunCrippleEmSchematic">,"",""</item>
		<item name="modGunBowPolymerStringSchematic">,"",""</item>
		<item name="modGunBowArrowRestSchematic">,"",""</item>
		<item name="modGunMeleeTheHunterSchematic">,"",""</item>
		<item name="modGunMeleeRadRemoverSchematic">,"",""</item>
		<item name="modMeleeTemperedBladeSchematic">,"",""</item>
		<item name="modMeleeSerratedBladeSchematic">,"",""</item>
		<item name="modMeleeWeightedHeadSchematic">,"",""</item>
		<item name="modMeleeStructuralBraceSchematic">,"",""</item>
		<item name="modMeleeErgonomicGripSchematic">,"",""</item>
		<item name="modMeleeFortifyingGripSchematic">,"",""</item>
		<item name="modMeleeClubBarbedWireSchematic">,"",""</item>
		<item name="modMeleeClubMetalSpikesSchematic">,"",""</item>
		<item name="modMeleeGraveDiggerSchematic">,"",""</item>
		<item name="modMeleeBunkerBusterSchematic">,"",""</item>
		<item name="modMeleeIronBreakerSchematic">,"",""</item>
		<item name="modMeleeWoodSplitterSchematic">,"",""</item>
		<item name="modMeleeClubBurningShaftSchematic">,"",""</item>
		<!-- <item name="modArmorInsulatedLinerSchematic">,"",""</item> -->
		<!-- <item name="modArmorCoolingMeshSchematic">,"",""</item> -->
		<item name="modArmorImprovedFittingsSchematic">,"",""</item>
		<item name="modArmorCustomizedFittingsSchematic">,"",""</item>
		<item name="modArmorPlatingBasicSchematic">,"",""</item>
		<item name="modArmorPlatingReinforcedSchematic">,"",""</item>
		<item name="modArmorStoragePocketSchematic">,"",""</item>
		<item name="modArmorDoubleStoragePocketSchematic">,"",""</item>
		<item name="modArmorTripleStoragePocketSchematic">,"",""</item>
		<item name="modArmorQuadStoragePocketSchematic">,"",""</item>
		<item name="modArmorMuffledConnectorsSchematic">,"",""</item>
		<item name="modArmorAdvancedMuffledConnectorsSchematic">,"",""</item>
		<item name="modArmorImpactBracingSchematic">,"",""</item>
		<item name="modArmorBandolierSchematic">,"",""</item>
		<item name="modArmorWaterPurifierSchematic">,"",""</item>
		<item name="modArmorHelmetLightSchematic">,"",""</item>
		<item name="modFuelTankSmallSchematic">,"",""</item>
		<item name="modFuelTankLargeSchematic">,"",""</item>
		<item name="modRoboticDroneCargoModSchematic">,"",""</item>
		<item name="modRoboticDroneMedicModSchematic">,"",""</item>
		<item name="modRoboticDroneHeadlampModSchematic">,"",""</item>
		<item name="modRoboticDroneArmorPlatingModSchematic">,"",""</item>
		<item name="modRoboticDroneMoraleBoosterModSchematic">,"",""</item>
		<!-- <item name="modRoboticDroneWeaponModSchematic">,"",""</item> -->
		<item name="modVehicleFuelSaverSchematic">,"",""</item>
		<item name="modVehicleOffRoadHeadlightsSchematic">,"",""</item>
		<item name="modVehicleSuperChargerSchematic">,"",""</item>
		<item name="modVehicleExpandedSeatSchematic">,"",""</item>
		<item name="modVehicleReserveFuelTankSchematic">,"",""</item>
		<item name="modVehiclePlowSchematic">,"",""</item>
		<item name="modVehicleArmorSchematic">,"",""</item>

	<!-- *** Mod -->
		<item name="modGunBarrelExtender">,"",""</item>
		<item name="modGunMuzzleBrake">,"",""</item>
		<item name="modGunSoundSuppressorSilencer">1,"Silencer Mod","Modification de silencieux"</item>
		<item name="modGunLaserSight">,"",""</item>
		<item name="modGunFlashlight">,"",""</item>
		<item name="modGunScopeSmall">1,"Scope 2x Mod","Modification de lunette x2"</item>
		<item name="modGunScopeMedium">1,"Scope 4x Mod","Modification de lunette x4"</item>
		<item name="modGunScopeLarge">1,"Scope 8x Mod","Modification de lunette x8"</item>
		<item name="modGunReflexSight">,"",""</item>
		<item name="modGunTriggerGroupSemi">,"",""</item>
		<item name="modGunTriggerGroupBurst3">,"",""</item>
		<item name="modGunTriggerGroupAutomatic">,"",""</item>
		<item name="modGunBipod">,"",""</item>
		<item name="modGunForegrip">,"",""</item>
		<item name="modGunRetractingStock">,"",""</item>
		<item name="modGunFoldingStock">,"",""</item>
		<item name="modShotgunSawedOffBarrel">,"",""</item>
		<item name="modGunDuckbill">,"",""</item>
		<item name="modGunChoke">,"",""</item>
		<item name="modGunMagazineExtender">,"",""</item>
		<item name="modGunCrippleEm">,"",""</item>
		<item name="modGunBowPolymerString">,"",""</item>
		<item name="modGunBowArrowRest">,"",""</item>
		<item name="modGunMeleeTheHunter">,"",""</item>
		<item name="modGunMeleeRadRemover">,"",""</item>
		<item name="modMeleeTemperedBlade">,"",""</item>
		<item name="modMeleeSerratedBlade">,"",""</item>
		<item name="modMeleeWeightedHead">,"",""</item>
		<item name="modMeleeStructuralBrace">,"",""</item>
		<item name="modMeleeErgonomicGrip">,"",""</item>
		<item name="modMeleeFortifyingGrip">,"",""</item>
		<item name="modMeleeClubBarbedWire">,"",""</item>
		<item name="modMeleeClubMetalSpikes">,"",""</item>
		<item name="modMeleeClubBurningShaft">,"",""</item>
		<item name="modMeleeGraveDigger">,"",""</item>
		<item name="modMeleeBunkerBuster">,"",""</item>
		<item name="modMeleeIronBreaker">,"",""</item>
		<item name="modMeleeWoodSplitter">,"",""</item>
		<item name="modFuelTankSmall">,"",""</item>
		<item name="modFuelTankLarge">,"",""</item>
		<item name="modArmorBandolier">,"",""</item>
		<!-- <item name="modArmorInsulatedLiner">,"",""</item> -->
		<!-- <item name="modArmorCoolingMesh">,"",""</item> -->
		<item name="modArmorImprovedFittings">,"",""</item>
		<item name="modArmorCustomizedFittings">,"",""</item>
		<item name="modArmorPlatingBasic">,"",""</item>
		<item name="modArmorPlatingReinforced">,"",""</item>
		<item name="modArmorStoragePocket">,"",""</item>
		<item name="modArmorDoubleStoragePocket">,"",""</item>
		<item name="modArmorTripleStoragePocket">,"",""</item>
		<item name="modArmorMuffledConnectors">,"",""</item>
		<item name="modArmorAdvancedMuffledConnectors">,"",""</item>
		<item name="modArmorImpactBracing">,"",""</item>
		<item name="modArmorWaterPurifier">,"",""</item>
		<item name="modArmorHelmetLight">1,"Helmet Light Mod","Modification de lampe de casque"</item>
		<item name="modVehicleFuelSaver">,"",""</item>
		<item name="modVehicleOffRoadHeadlights">,"",""</item>
		<item name="modVehicleSuperCharger">,"",""</item>
		<item name="modVehicleExpandedSeat">,"",""</item>
		<item name="modVehicleReserveFuelTank">,"",""</item>
		<item name="modRoboticDroneArmorPlatingMod">,"",""</item>
		<item name="modRoboticDroneCargoMod">,"",""</item>
		<item name="modRoboticDroneMoraleBoosterMod">,"",""</item>
		<item name="modRoboticDroneHeadlampMod">,"",""</item>
		<item name="modRoboticDroneMedicMod">,"",""</item>

<!-- *** Recipes -->
	<!-- Different description that refers to a "recipe" instead of "schematic" -->
		<item name="schematicNoQualityRecipeMaster">,"",""</item>
		<item name="foodCanShamSchematic">,"",""</item>
		<item name="plantedGraceCorn1Schematic">,"",""</item>
	<!-- *** Skill_Books -->
		<item name="skillBookMaster">,"",""</item>
	<!-- *** Quests -->
		<item name="blankNoteMaster">,"",""</item>
		<item name="noteDuke01">,"",""</item>
		<item name="questMaster">,"",""</item>
		<item name="challengeQuestMaster">,"",""</item>
		<item name="treasureQuestMaster">,"",""</item>
		<item name="q_basicSurvival">,"",""</item>
		<item name="qt_taylor">,"",""</item>
		<item name="qt_nickole">,"",""</item>
		<item name="qt_stephan">,"",""</item>
		<item name="qt_jennifer">,"",""</item>
		<item name="qt_claude">,"",""</item>
		<item name="qt_sarah">,"",""</item>
		<item name="qt_raphael">,"",""</item>
		<item name="qtest_nextTraderAdmin">,"",""</item>
		<item name="adminQuestTicketMaster">,"",""</item>
		<item name="adminT1QuestTicket">,"",""</item>
		<item name="adminT2QuestTicket">,"",""</item>
		<item name="adminT3QuestTicket">,"",""</item>
		<item name="adminT4QuestTicket">,"",""</item>
		<item name="adminT5QuestTicket">,"",""</item>
		<item name="adminT6QuestTicket">,"",""</item>

<!-- *** Resource_Items -->
	<item name="resourceRockSmall">6000,"Small Stone","Petite pierre"</item> <!-- scrap material -->
	<item name="resourceSnowBall">,"",""</item>
	<item name="resourceAcid">,"",""</item>
	<item name="resourceYuccaFibers">6000,"Plant Fibers","Fibres végétales"</item> <!-- scrap material -->
	<item name="resourceWood">6000,"Wood","Bois"</item> <!-- scrap material -->
	<item name="resourceCrushedSand">,"",""</item>
	<item name="resourceBrokenGlass">,"",""</item> <!-- scrap material -->
	<item name="resourceScrapIron">,"",""</item> <!-- scrap material -->
	<item name="resourceForgedIron">,"",""</item>
	<item name="resourceMetalPipe">,"",""</item>
	<item name="resourceForgedSteel">,"",""</item>
	<item name="resourceScrapPolymers">,"",""</item> <!-- scrap material -->
	<item name="resourceScopeLens">,"",""</item>
	<item name="resourceSewingKit">,"",""</item>
	<item name="resourceOilShale">,"",""</item>
	<item name="resourceBone">,"",""</item> <!-- scrap material -->
	<item name="resourceLeather">,"",""</item> <!-- scrap material -->
	<item name="resourceAnimalFat">,"",""</item>
	<item name="resourceTestosteroneExtract">,"",""</item>
	<item name="resourceCropHopsFlower">,"",""</item>
	<item name="resourceCropAloeLeaf">,"",""</item>
	<item name="resourceCropChrysanthemumPlant">,"",""</item>
	<item name="resourceCropCottonPlant">,"",""</item>
	<item name="resourceCropGoldenrodPlant">,"",""</item>
	<item name="resourceCropCoffeeBeans">,"",""</item>
	<item name="resourceScrapBrass">,"",""</item> <!-- scrap material -->
	<item name="resourceScrapLead">,"",""</item> <!-- scrap material -->
	<item name="resourceClayLump">,"",""</item> <!-- scrap material -->
	<item name="resourceCobblestones">,"",""</item>
	<item name="resourceCement">,"",""</item>
	<item name="resourceConcreteMix">,"",""</item>
	<item name="resourceCloth">,"",""</item> <!-- scrap material -->
	<item name="resourcePaper">,"",""</item> <!-- scrap material -->
	<item name="resourceElectricParts">,"",""</item> <!-- scrap material -->
	<item name="resourceHeadlight">,"",""</item>
	<item name="resourceMechanicalParts">,"",""</item> <!-- scrap material -->
	<item name="resourceSpring">,"",""</item>
	<item name="resourceGlue">,"",""</item>
	<item name="resourceDuctTape">,"",""</item>
	<item name="resourceFeather">,"",""</item>
	<item name="resourceArrowHeadIron">,"",""</item>
	<item name="resourceArrowHeadSteelAP">,"",""</item>
	<item name="resourceCoal">,"",""</item>
	<item name="resourcePotassiumNitratePowder">,"",""</item>
	<item name="resourceGunPowder">,"",""</item>
	<item name="resourceBuckshot">,"",""</item>
	<item name="resourceBulletCasing">,"",""</item>
	<item name="resourceBulletTip">,"",""</item>
	<item name="resourceNail">,"",""</item>
	<item name="resourceRocketTip">,"",""</item>
	<item name="resourceRocketCasing">,"",""</item>
	<item name="resourceWaterFilter">,"",""</item>
	<item name="resourceRepairKit">25,"Repair Kit","Kit de réparation"</item>
	<item name="resourceArmorCraftingKit">,"",""</item>
	<item name="resourceLegendaryParts">,"",""</item>
	<item name="resourceOil">,"",""</item>
	<item name="resourcePaint">,"",""</item> <!-- scrap material -->
	<item name="resourceDoorKnob">,"",""</item>
	<item name="resourceCandleStick">,"",""</item>
	<item name="resourceRadiator">,"",""</item>
	<item name="resourceFishingWeight">,"",""</item>
	<!-- Brass -->
		<item name="resourceTrophy1">,"",""</item>
	<!-- Lead -->
		<item name="resourceTrophy2">,"",""</item>
		<item name="resourceSilverNugget">,"",""</item>
		<item name="resourceGoldNugget">,"",""</item>
		<item name="resourceRawDiamond">,"",""</item>
	<!-- *** Other_Items -->
		<item name="candle">,"",""</item>
		<item name="smallEngine">,"",""</item>
		<item name="carBattery">,"",""</item>
		<item name="casinoCoin">,"",""</item>
		<item name="oldCash">,"",""</item>
		<item name="solarCell">,"",""</item>
		<item name="toolCookingGrill">,"",""</item>
		<item name="toolCookingPot">,"",""</item>
		<item name="toolBeaker">,"",""</item>
		<item name="toolBellows">,"",""</item>
		<item name="toolAnvil">,"",""</item>
		<item name="toolForgeCrucible">,"",""</item>
		<item name="toolDewGatherer">,"",""</item> <!-- SPEED_SLOT -->
		<item name="toolDewTarp">,"",""</item> <!-- COUNT_SLOT-->
		<item name="toolDewFilter">,"",""</item> <!-- TYPE_SLOT -->

<!-- *** Forge_Units -->
	<item name="unit_iron">,"",""</item>
	<item name="unit_brass">,"",""</item>
	<item name="unit_lead">,"",""</item>
	<item name="unit_glass">,"",""</item>
	<item name="unit_stone">,"",""</item>
	<item name="unit_clay">,"",""</item>
	<item name="questItem">,"",""</item> <!-- used by the quest system, name/icon provided by the item_modifier name="quest -->
	<item name="resourceLockPick">50,"Lockpick","Outil de crochetage"</item>
	<item name="resourceLockPickBundle">5,"Stack of Lockpicks (50)","Pile d'outils de crochetage (50)"</item>

<!-- *** BOOKS -->
	<item name="bookFiremansAlmanacHeat">,"",""</item><!-- *** Fireman's Almanac Vol 1: Water -->
	<item name="bookFiremansAlmanacAxes">,"",""</item><!-- *** Fireman's Almanac Vol 2: Axe Mod -->
	<item name="bookFiremansAlmanacSpeed">,"",""</item><!-- *** Fireman's Almanac Vol 3: Axe Speed -->
	<item name="bookFiremansAlmanacMolotov">,"",""</item><!-- *** Fireman's Almanac Vol 4: Longer Burn -->
	<item name="bookFiremansAlmanacPrevention">,"",""</item><!-- *** Fireman's Almanac Vol 5: Fire Prevention -->
	<item name="bookFiremansAlmanacHarvest">,"",""</item><!-- *** Fireman's Almanac Vol 6: Coal & Wood Damage -->
	<item name="bookFiremansAlmanacEquipment">,"",""</item><!-- *** Fireman's Almanac Vol 7: Fireman Gear -->
	<item name="bookNightStalkerStealthDamage">,"",""</item><!-- *** Night Stalker Vol 1: Sneak Damage -->
	<item name="bookNightStalkerSilentNight">,"",""</item><!-- *** Night Stalker Vol 2: Sneak Better -->
	<item name="bookNightStalkerBlades">,"",""</item><!-- *** Night Stalker Vol 3: Blades -->
	<item name="bookNightStalkerThiefAdrenaline">,"",""</item><!-- *** Night Stalker Vol 4: No Night Encumbrance -->
	<item name="bookNightStalkerArchery">,"",""</item><!-- *** Night Stalker Vol 5: Archery Damage -->
	<item name="bookNightStalkerTwilightThief">,"",""</item><!-- *** Night Stalker Vol 6: More XP -->
	<item name="bookNightStalkerSlumberParty">,"",""</item><!-- *** Night Stalker Vol 7: Sleeper Damage -->
	<item name="bookLuckyLooterDukes">,"",""</item><!-- *** Lucky Looter Vol 1: Dukes -->
	<item name="bookLuckyLooterAmmunition">,"",""</item><!-- *** Lucky Looter Vol 2: Ammo -->
	<item name="bookLuckyLooterBrass">,"",""</item><!-- *** Lucky Looter Vol 3: Brass -->
	<item name="bookLuckyLooterLead">,"",""</item><!-- *** Lucky Looter Vol 4: Lead -->
	<item name="bookLuckyLooterBooks">,"",""</item><!-- *** Lucky Looter Vol 5: Junk -->
	<item name="bookLuckyLooterFood">,"",""</item><!-- *** Lucky Looter Vol 6: Food -->
	<item name="bookLuckyLooterMedical">,"",""</item><!-- *** Lucky Looter Vol 7: Medical -->
	<item name="bookEnforcerDamage">,"",""</item><!-- *** Magnum Enforcer Vol 1: Damage -->
	<item name="bookEnforcerApparel">,"",""</item><!-- *** Magnum Enforcer Vol 2: Apparel -->
	<item name="bookEnforcerPunks">,"",""</item><!-- *** Magnum Enforcer Vol 3: Unlucky Punks (Last shot = x2 Damage) -->
	<item name="bookEnforcerIntimidation">,"",""</item><!-- *** Magnum Enforcer Vol 4: .44 Bartering -->
	<item name="bookEnforcerAPAmmo">,"",""</item><!-- *** Magnum Enforcer Vol 5: AP .44 Ammo -->
	<item name="bookEnforcerHPAmmo">,"",""</item><!-- *** Magnum Enforcer Vol 6: HP .44 Ammo -->
	<item name="bookEnforcerCriminalPursuit">,"",""</item><!-- *** Magnum Enforcer Vol 7: .44 Sprinting -->
	<item name="bookBatterUpBigHits">,"",""</item><!-- *** Batter Up Vol 1: Damage -->
	<item name="bookBatterUpStealingBases">,"",""</item><!-- *** Batter Up Vol 2: Club Sprinting -->
	<item name="bookBatterUpSlowPitch">,"",""</item><!-- *** Batter Up Vol 3: Hit & Run -->
	<item name="bookBatterUpKnockdown">,"",""</item><!-- *** Batter Up Vol 4: Knock Down -->
	<item name="bookBatterUpMaintenance">,"",""</item><!-- *** Batter Up Vol 5: Maintenance -->
	<item name="bookBatterUpFoulBalls">,"",""</item><!-- *** Batter Up Vol 6: Ragdoll -->
	<item name="bookBatterUpMetalChain">,"",""</item><!-- *** Batter Up Vol 7: Chain Mod -->
	<item name="bookSledgeSagaKnockdown">,"",""</item><!-- *** Sledge Saga Vol 1: Knockdown -->
	<item name="bookSledgeSagaDegradation">,"",""</item><!-- *** Sledge Saga Vol 2: Degradation -->
	<item name="bookSledgeSagaCrippledMorale">,"",""</item><!-- *** Sledge Saga Vol 3: Crippled Morale -->
	<item name="bookSledgeSagaPulverizingFinishers">,"",""</item><!-- *** Sledge Saga Vol 4: Pulverizing Finishers -->
	<item name="bookSledgeSagaSavageReaper">,"",""</item><!-- *** Sledge Saga Vol 5: Savage Reaper -->
	<item name="bookSledgeSagaConcussiveStrike">,"",""</item><!-- *** Sledge Saga Vol 6: Concussive Strike -->
	<item name="bookSledgeSagaArmorCrusher">,"",""</item><!-- *** Sledge Saga Vol 7: Armor Crusher -->
	<item name="bookGreatHeistSafes">,"",""</item><!-- *** The Great Heist Vol 1: Safe Damage -->
	<item name="bookGreatHeistGems">,"",""</item><!-- *** The Great Heist Vol 2: Gems -->
	<item name="bookGreatHeistGoldRush">,"",""</item><!-- *** The Great Heist Vol 3: More Dukes -->
	<item name="bookGreatHeistClaimed">,"",""</item><!-- *** The Great Heist Vol 4: LCB Damage -->
	<item name="bookGreatHeistAdrenalineFall">,"",""</item><!-- *** The Great Heist Vol 5: Fall Damage -->
	<item name="bookGreatHeistSprintSneak">,"",""</item><!-- *** The Great Heist Vol 6: Sneak Sprinting -->
	<item name="bookGreatHeistMotionDetection">,"",""</item><!-- *** The Great Heist Vol 7: Motion Detection -->
	<item name="bookWasteTreasuresHoney">,"",""</item><!-- *** Wasteland Treasures Vol 1: Honey -->
	<item name="bookWasteTreasuresCoffins">,"",""</item><!-- *** Wasteland Treasures Vol 2: Coffins -->
	<item name="bookWasteTreasuresAcid">,"",""</item><!-- *** Wasteland Treasures Vol 3: Acid -->
	<item name="bookWasteTreasuresWater">,"",""</item><!-- *** Wasteland Treasures Vol 4: Purified Water -->
	<item name="bookWasteTreasuresDoors">,"",""</item><!-- *** Wasteland Treasures Vol 5: Brass -->
	<item name="bookWasteTreasuresCloth">,"",""</item><!-- *** Wasteland Treasures Vol 6: Cloth Weaving -->
	<item name="bookWasteTreasuresSinks">,"",""</item><!-- *** Wasteland Treasures Vol 7: Sinks -->
	<item name="bookHuntingJournalBears">,"",""</item><!-- *** Hunter's Journal Vol 1: Bears -->
	<item name="bookHuntingJournalWolves">,"",""</item><!-- *** Hunter's Journal Vol 2: Wolves -->
	<item name="bookHuntingJournalCoyotes">,"",""</item><!-- *** Hunter's Journal Vol 3: Coyotes -->
	<item name="bookHuntingJournalMountainLions">,"",""</item><!-- *** Hunter's Journal Vol 4: Mountain Lions -->
	<item name="bookHuntingJournalDeer">,"",""</item><!-- *** Hunter's Journal Vol 5: Deer -->
	<item name="bookHuntingJournalVultures">,"",""</item><!-- *** Hunter's Journal Vol 6: Vultures -->
	<item name="bookHuntingJournalSelfDefense">,"",""</item><!-- *** Hunter's Journal Vol 7: Humans -->
	<item name="bookArtOfMiningLuckyStrike">,"",""</item><!-- *** Art of Mining Vol 1: Gems -->
	<item name="bookArtOfMiningDiamondTools">,"",""</item><!-- *** Art of Mining Vol 2: Diamond Tipped Mod -->
	<item name="bookArtOfMiningCoffee">,"",""</item><!-- *** Art of Mining Vol 3: Coffee Buzz -->
	<item name="bookArtOfMiningBlackStrap">,"",""</item><!-- *** Art of Mining Vol 4: Blackstrap Recipe -->
	<item name="bookArtOfMiningPallets">,"",""</item><!-- *** Art of Mining Vol 5: Resource Bundle Crafting -->
	<item name="bookArtOfMiningAvalanche">,"",""</item><!-- *** Art of Mining Vol 6: Avalanche -->
	<item name="bookArtOfMiningDamage">,"",""</item><!-- *** Art of Mining Vol 7: Damage -->
	<item name="bookRangersArrowRecovery">,"",""</item><!-- *** Ranger's Guide to Archery Vol 1: Arrow Recovery -->
	<item name="bookRangersExplodingBolts">,"",""</item><!-- *** Ranger's Guide to Archery Vol 2: Exploding Bolts Recipe -->
	<item name="bookRangersCripplingShot">,"",""</item><!-- *** Ranger's Guide to Archery Vol 3: Crippling Shot -->
	<item name="bookRangersAPAmmo">,"",""</item><!-- *** Ranger's Guide to Archery Vol 4: Steel Arrows -->
	<item name="bookRangersFlamingArrows">,"",""</item><!-- *** Ranger's Guide to Archery Vol 5: Flaming Arrows -->
	<item name="bookRangersForestGuide">,"",""</item><!-- *** Ranger's Guide to Archery Vol 6: Maintenance -->
	<item name="bookRangersKnockdown">,"",""</item><!-- *** Ranger's Guide to Archery Vol 7: Knockdown -->
	<item name="bookPistolPeteTakeAim">,"",""</item><!-- *** Pistol Pete Vol 1: Range -->
	<item name="bookPistolPeteSwissKnees">,"",""</item><!-- *** Pistol Pete Vol 2: Swiss Knees -->
	<item name="bookPistolPeteSteadyHand">,"",""</item><!-- *** Pistol Pete Vol 3: Steady Hands -->
	<item name="bookPistolPeteMaintenance">,"",""</item><!-- *** Pistol Pete Vol 4: Maintenance -->
	<item name="bookPistolPeteHPAmmo">,"",""</item><!-- *** Pistol Pete Vol 5: HP Ammo -->
	<item name="bookPistolPeteAPAmmo">,"",""</item><!-- *** Pistol Pete Vol 6: AP Ammo -->
	<item name="bookPistolPeteDamage">,"",""</item><!-- *** Pistol Pete Vol 7: Damage -->
	<item name="bookShotgunMessiahDamage">,"",""</item><!-- *** Shotgun Messiah Vol 1: Damage -->
	<item name="bookShotgunMessiahBreachingSlugs">,"",""</item><!-- *** Shotgun Messiah Vol 2: Breaching Slugs -->
	<item name="bookShotgunMessiahLimbShot">,"",""</item><!-- *** Shotgun Messiah Vol 3: Limb Shot -->
	<item name="bookShotgunMessiahSlugs">,"",""</item><!-- *** Shotgun Messiah Vol 4: Shotgun Slugs -->
	<item name="bookShotgunMessiahMaintenance">,"",""</item><!-- *** Shotgun Messiah Vol 5: Maintenance -->
	<item name="bookShotgunMessiahMagazine">,"",""</item><!-- *** Shotgun Messiah Vol 6: Shotgun Tube Magazine -->
	<item name="bookShotgunMessiahPartyStarter">,"",""</item><!-- *** Shotgun Messiah Vol 7: Party Starter -->
	<item name="bookSniperDamage">,"",""</item><!-- *** Sniper Vol 1: Damage -->
	<item name="bookSniperCripplingShot">,"",""</item><!-- *** Sniper Vol 2: Crippling Shot -->
	<item name="bookSniperHeadShot">,"",""</item><!-- *** Sniper Vol 3: Head Shot -->
	<item name="bookSniperReload">,"",""</item><!-- *** Sniper Vol 4: Faster Reload -->
	<item name="bookSniperControlledBreathing">,"",""</item><!-- *** Sniper Vol 5: Controlled Breathing -->
	<item name="bookSniperAPAmmo">,"",""</item><!-- *** Sniper Vol 6: AP Ammo -->
	<item name="bookSniperHPAmmo">,"",""</item><!-- *** Sniper Vol 7: HP Ammo -->
	<item name="bookAutoWeaponsDamage">,"",""</item><!-- *** Automatic Weapons Handbook Vol 1: Damage -->
	<item name="bookAutoWeaponsUncontrolledBurst">,"",""</item><!-- *** Automatic Weapons Handbook Vol 2: Uncontrolled Burst -->
	<item name="bookAutoWeaponsMaintenance">,"",""</item><!-- *** Automatic Weapons Handbook Vol 3: Maintenance -->
	<item name="bookAutoWeaponsDrumMag">,"",""</item><!-- *** Automatic Weapons Handbook Vol 4: Drum Magazine -->
	<item name="bookAutoWeaponsRecoil">,"",""</item><!-- *** Automatic Weapons Handbook Vol 5: Recoil -->
	<item name="bookAutoWeaponsRagdoll">,"",""</item><!-- *** Automatic Weapons Handbook Vol 6: Ragdoll -->
	<item name="bookAutoWeaponsMachineGuns">,"",""</item><!-- *** Automatic Weapons Handbook Vol 7: M60 Machine Gun Recipe -->
	<item name="bookUrbanCombatLanding">,"",""</item><!-- *** Urban Combat Vol 1: Military Stealth Boots -->
	<item name="bookUrbanCombatCigar">,"",""</item><!-- *** Urban Combat Vol 2: Cigar Recipe -->
	<item name="bookUrbanCombatSneaking">,"",""</item><!-- *** Urban Combat Vol 3: Sneaking -->
	<item name="bookUrbanCombatJumping">,"",""</item><!-- *** Urban Combat Vol 4: Jumping -->
	<item name="bookUrbanCombatLandMines">,"",""</item><!-- *** Urban Combat Vol 5: Land Mines -->
	<item name="bookUrbanCombatAdrenalineRush">,"",""</item><!-- *** Urban Combat Vol 6: Adrenaline Rush -->
	<item name="bookUrbanCombatRoomClearing">,"",""</item><!-- *** Urban Combat Vol 7: Room Clearing -->
	<item name="bookTechJunkie1Damage">,"",""</item><!-- *** Tech Junkie Vol 1: Damage -->
	<item name="bookTechJunkie2Maintenance">,"",""</item><!-- *** Tech Junkie Vol 2: Maintenance -->
	<item name="bookTechJunkie3APAmmo">,"",""</item><!-- *** Tech Junkie Vol 3: AP Ammo -->
	<item name="bookTechJunkie4Shells">,"",""</item><!-- *** Tech Junkie Vol 4: Robotic Shells -->
	<item name="bookTechJunkie5Repulsor">,"",""</item><!-- *** Tech Junkie Vol 5: Repulsor Mod Recipe -->
	<item name="bookTechJunkie6BatonCharge">,"",""</item><!-- *** Tech Junkie Vol 6: Charged Strike -->
	<item name="bookTechJunkie7Hydraulics">,"",""</item><!-- *** Tech Junkie Vol 7: Robotic Fire Rate -->
	<item name="bookBarBrawling1BasicMoves">,"",""</item><!-- *** Bar Brawling Vol 1: Damage -->
	<item name="bookBarBrawling2DropABomb">,"",""</item><!-- *** Bar Brawling Vol 2: Knockdown -->
	<item name="bookBarBrawling3KillerInstinct">,"",""</item><!-- *** Bar Brawling Vol 3: Killer Instinct -->
	<item name="bookBarBrawling4FinishingMoves">,"",""</item><!-- *** Bar Brawling Vol 4: Finishing Moves -->
	<item name="bookBarBrawling5AdrenalineHealing">,"",""</item><!-- *** Bar Brawling Vol 5: Adrenaline Healing -->
	<item name="bookBarBrawling6RageMode">,"",""</item><!-- *** Bar Brawling Vol 6: Rage Mode -->
	<item name="bookBarBrawling7BoozedUp">,"",""</item><!-- *** Bar Brawling Vol 7: Boozed Up -->
	<item name="bookSpearHunter1Damage">,"",""</item><!-- *** Spear Hunter Vol 1: Damage -->
	<item name="bookSpearHunter2Maintenance">,"",""</item><!-- *** Spear Hunter Vol 2: Maintenance -->
	<item name="bookSpearHunter3Bleed">,"",""</item><!-- *** Spear Hunter Vol 3: Bleeding -->
	<item name="bookSpearHunter4KillMove">,"",""</item><!-- *** Spear Hunter Vol 4: Kill Move -->
	<item name="bookSpearHunter5RapidStrike">,"",""</item><!-- *** Spear Hunter Vol 5: Rapid Strike -->
	<item name="bookSpearHunter6PenetratingShaft">,"",""</item><!-- *** Spear Hunter Vol 6: Penetrating Shaft -->
	<item name="bookSpearHunter7QuickStrike">,"",""</item><!-- *** Spear Hunter Vol 7: Deadly Combo -->

<!-- *** CRAFTING_SKILL_MAGAZINES -->
	<item name="masterSkillMagazine">,"",""</item><!-- *** Master_Skill_Magazine -->
	<item name="harvestingToolsSkillMagazine">,"",""</item><!-- *** Harvesting_Tools_Skill_Magazine -->
	<item name="repairToolsSkillMagazine">,"",""</item><!-- *** Repair_Tools_Skill_Magazine -->
	<item name="salvageToolsSkillMagazine">,"",""</item><!-- *** Salvage_Tools_Skill_Magazine -->
	<item name="knucklesSkillMagazine">,"",""</item><!-- *** Knuckles_Skill_Magazine -->
	<item name="bladesSkillMagazine">,"",""</item><!-- *** Blades_Skill_Magazine -->
	<item name="clubsSkillMagazine">,"",""</item><!-- *** Clubs_Skill_Magazine -->
	<item name="sledgehammersSkillMagazine">,"",""</item><!-- *** Sledgehammers_Skill_Magazine -->
	<item name="spearsSkillMagazine">,"",""</item><!-- *** Spears_Skill_Magazine -->
	<item name="bowsSkillMagazine">,"",""</item><!-- *** Bows_Skill_Magazine -->
	<item name="handgunsSkillMagazine">,"",""</item><!-- *** Handguns_Skill_Magazine -->
	<item name="shotgunsSkillMagazine">,"",""</item><!-- *** Shotguns_Skill_Magazine -->
	<item name="riflesSkillMagazine">,"",""</item><!-- *** Rifles_Skill_Magazine -->
	<item name="machineGunsSkillMagazine">,"",""</item><!-- *** Machine_Guns_Skill_Magazine -->
	<item name="explosivesSkillMagazine">,"",""</item><!-- *** Explosives_Skill_Magazine -->
	<item name="roboticsSkillMagazine">,"",""</item><!-- *** Robotics_Skill_Magazine -->
	<item name="armorSkillMagazine">,"",""</item><!-- *** Armor_Skill_Magazine -->
	<item name="medicalSkillMagazine">,"",""</item><!-- *** Medical_Skill_Magazine -->
	<item name="foodSkillMagazine">,"",""</item><!-- *** Food_Skill_Magazine -->
	<item name="seedSkillMagazine">,"",""</item><!-- *** Seed_Skill_Magazine -->
	<item name="electricianSkillMagazine">,"",""</item><!-- *** Electrician_Skill_Magazine -->
	<item name="trapsSkillMagazine">,"",""</item><!-- *** Traps_Skill_Magazine -->
	<item name="workstationSkillMagazine">,"",""</item><!-- *** Workstation_Skill_Magazine -->
	<item name="vehiclesSkillMagazine">,"",""</item><!-- *** Vehicle_Skill_Magazine -->

<!-- *** Quest_Rewards -->
	<item name="questRewardBundleMaster">,"",""</item>
	<!-- *** INTRO_BURIED_SUPPLIES_REWARDS -->
		<item name="questRewardPipePistolBundle">,"",""</item>
		<item name="questRewardPipeShotgunBundle">,"",""</item>
		<item name="questRewardPipeRifleBundle">,"",""</item>
		<item name="questRewardPipeMachineGunBundle">,"",""</item>
		<item name="questRewardPipeBatonBundle">,"",""</item>
	<!-- *** WEAPON_CRAFTING_BUNDLES -->
		<item name="questRewardSteelKnuckleCraftingBundle">,"",""</item>
		<item name="questRewardMacheteCraftingBundle">,"",""</item>
		<item name="questRewardSteelClubCraftingBundle">,"",""</item>
		<item name="questRewardSteelSledgehammerCraftingBundle">,"",""</item>
		<item name="questRewardBowCraftingBundle">,"",""</item>
		<item name="questRewardSteelSpearCraftingBundle">,"",""</item>
		<item name="questRewardHandgunCraftingBundle">,"",""</item>
		<item name="questRewardShotgunCraftingBundle">,"",""</item>
		<item name="questRewardRifleCraftingBundle">,"",""</item>
		<item name="questRewardMachineGunCraftingBundle">,"",""</item>
		<item name="questRewardRocketLauncherCraftingBundle">,"",""</item>
		<item name="questRewardBatonCraftingBundle">,"",""</item>
		<item name="questRewardRoboticsCraftingBundle">,"",""</item>
		<item name="questRewardSteelToolsCraftingBundle">,"",""</item>
		<item name="questRewardMotorToolsCraftingBundle">,"",""</item>
	<!-- *** LEGENDARY_WEAPON_CRAFTING_BUNDLES -->
		<item name="questRewardLegendarySteelKnuckleCraftingBundle">,"",""</item>
		<item name="questRewardLegendaryMacheteCraftingBundle">,"",""</item>
		<item name="questRewardLegendarySteelClubCraftingBundle">,"",""</item>
		<item name="questRewardLegendarySteelSledgehammerCraftingBundle">,"",""</item>
		<item name="questRewardLegendaryBowCraftingBundle">,"",""</item>
		<item name="questRewardLegendarySteelSpearCraftingBundle">,"",""</item>
		<item name="questRewardLegendaryHandgunCraftingBundle">,"",""</item>
		<item name="questRewardLegendaryShotgunCraftingBundle">,"",""</item>
		<item name="questRewardLegendaryRifleCraftingBundle">,"",""</item>
		<item name="questRewardLegendaryMachineGunCraftingBundle">,"",""</item>
		<item name="questRewardLegendaryRocketLauncherCraftingBundle">,"",""</item>
		<item name="questRewardLegendaryBatonCraftingBundle">,"",""</item>
		<item name="questRewardLegendaryRoboticsCraftingBundle">,"",""</item>
		<item name="questRewardLegendarySteelToolsCraftingBundle">,"",""</item>
		<item name="questRewardLegendaryMotorToolsCraftingBundle">,"",""</item>
	<!-- *** AMMO_CRAFTING_BUNDLE -->
		<item name="questRewardAmmoCraftingBundle">,"",""</item>
	<!-- *** TIERED_WEAPON_BUNDLES -->
		<item name="questRewardT0HandgunBundle">,"",""</item>
		<item name="questRewardT0RifleBundle">,"",""</item>
		<item name="questRewardT0ShotgunBundle">,"",""</item>
		<item name="questRewardT0MachineGunBundle">,"",""</item>
		<item name="questRewardT1HandgunBundle">,"",""</item>
		<item name="questRewardT1ShotgunBundle">,"",""</item>
		<item name="questRewardT1RifleBundle">,"",""</item>
		<item name="questRewardT1MachineGunBundle">,"",""</item>
		<item name="questRewardT2HandgunBundle">,"",""</item>
		<item name="questRewardT2ShotgunBundle">,"",""</item>
		<item name="questRewardT2RifleBundle">,"",""</item>
		<item name="questRewardT2MachineGunBundle">,"",""</item>
		<item name="questRewardT3HandgunBundle">,"",""</item>
		<item name="questRewardT3SMGBundle">,"",""</item>
		<item name="questRewardT3ShotgunBundle">,"",""</item>
		<item name="questRewardT3RifleBundle">,"",""</item>
		<item name="questRewardT3MachineGunBundle">,"",""</item>
		<item name="questRewardT3HandgunLegendaryBundle">,"",""</item>
		<item name="questRewardT3SMGLegendaryBundle">,"",""</item>
		<item name="questRewardT3ShotgunLegendaryBundle">,"",""</item>
		<item name="questRewardT3RifleLegendaryBundle">,"",""</item>
		<item name="questRewardT3MachineGunLegendaryBundle">,"",""</item>
	<!-- *** BOOK_BUNDLES -->
		<item name="questRewardT1BookBundle">,"",""</item>
		<item name="questRewardT2BookBundle">,"",""</item>
		<item name="questRewardT3BookBundle">,"",""</item>
		<item name="questRewardT4BookBundle">,"",""</item>
		<item name="questRewardT5BookBundle">,"",""</item>
	<!-- *** MAGAZINE_BUNDLES -->
		<item name="questRewardT1SkillMagazineBundle">,"",""</item>
	<!-- *** TRAP_BUNDLES -->
		<item name="questRewardT1TrapsBundle">,"",""</item>
		<item name="questRewardT2TrapsBundle">,"",""</item>
		<item name="questRewardDartTrapBundle">,"",""</item>
		<item name="questRewardBladeTrapBundle">,"",""</item>
		<item name="questRewardShotgunTurretBundle">,"",""</item>
		<item name="questRewardAutoTurretBundle">,"",""</item>
	<!-- *** ELECTRICAL_BUNDLES -->
		<item name="questRewardSecuritySystemBundle">,"",""</item>
		<item name="questRewardGeneratorBankBundle">,"",""</item>
		<item name="questRewardBatteryBankBundle">,"",""</item>
		<item name="questRewardSolarBankBundle">,"",""</item>
	<!-- *** MELEE_MOD_BUNDLES -->
		<item name="questRewardT1MeleeModsBundle">,"",""</item>
		<item name="questRewardT2MeleeModsBundle">,"",""</item>
		<item name="questRewardT3MeleeModsBundle">,"",""</item>
	<!-- *** RANGED_MOD_BUNDLES -->
		<item name="questRewardT1RangedModsBundle">,"",""</item>
		<item name="questRewardT2RangedModsBundle">,"",""</item>
		<item name="questRewardT3RangedModsBundle">,"",""</item>
	<!-- *** FOOD_BUNDLES -->
		<item name="questRewardT2FoodBundle">,"",""</item>
		<item name="questRewardT3FoodBundle">,"",""</item>
		<item name="questRewardT4FoodBundle">,"",""</item>
	<!-- *** FARM_BUNDLES -->
		<item name="questRewardFarmT1Bundle">,"",""</item>
		<item name="questRewardFarmT2Bundle">,"",""</item>
		<item name="questRewardFarmT3Bundle">,"",""</item>
	<!-- *** VEHICLE_BUNDLES -->
		<item name="questRewardVehiclePartsBundle">,"",""</item>
		<item name="questRewardMinibikePartsBundle">,"",""</item>
		<item name="questRewardMotorcyclePartsBundle">,"",""</item>
		<item name="questReward4x4PartsBundle">,"",""</item>
		<item name="questRewardGyrocopterPartsBundle">,"",""</item>

<!-- *** TWITCH_ITEMS -->
	<item name="twitchTurd">,"",""</item>
	<!-- *** BIOME_BADGES -->
		<item name="biomeBadge1">,"",""</item>
		<item name="biomeBadge2">,"",""</item>
		<item name="biomeBadge3">,"",""</item>
		<item name="biomeBadge4">,"",""</item>
	<!-- *** ADMIN_TOOLS -->
		<item name="meleeToolPaintToolAdmin">,"",""</item><!-- *** Admin_Paint_Tool -->
		<item name="meleeToolSalvageWrenchAdmin">,"",""</item><!-- *** Admin_Wrench -->
		<item name="meleeToolBlockReplaceTool">,"",""</item><!-- *** Admin_Block_Replace_Tool -->
		<item name="gunToolDiggerAdmin">,"",""</item><!-- *** Admin_Digger_Tool -->
		<item name="gunHandgunPistolAdmin">,"",""</item><!-- *** Admin_Pistol -->
		<item name="meleeToolHammerOfGodAdmin">,"",""</item><!-- *** Admin_Hammer_of_God -->
		<!-- <item name="coolLootShadesAdmin">,"",""</item> --><!-- *** Admin_Looting_Shades -->
		<!-- <item name="coolLootShadesAdmin200">,"",""</item> --><!-- *** Admin_Looting_Shades_200 -->
		<!-- <item name="craftingShadesAdmin">,"",""</item> --><!-- *** Admin_Crafting_Shades -->
		<item name="pimpMiningHelmetAdmin">,"",""</item><!-- *** Admin_Mining_Helmet -->
		<item name="toughGuyShirtAdmin">,"",""</item><!-- *** Admin_Tough_Guy_Shirt -->
		<item name="ringOfFireAdmin">,"",""</item><!-- *** Admin_Ring_of_Fire -->
		<item name="staminaBootsAdmin">,"",""</item><!-- *** Admin_Stamina_Boots -->
		<item name="rocketBootsAdmin">,"",""</item><!-- *** Admin_Rocket_Boots -->
		<item name="drinkJarFullRespecAdmin">,"",""</item><!-- *** Admin_Full_Respec -->
		<item name="noteTestersDelightAdmin">,"",""</item><!-- *** Admin_Testing_Bundle -->
		<item name="noteTestingAdmin">,"",""</item><!-- *** Admin_Testing_Bundle -->
		<item name="noteAchievementAdmin">,"",""</item><!-- *** Admin_Testing_Bundle -->
		<item name="noteTestersElectricityAdmin">,"",""</item><!-- *** Admin_Electric_Bundle -->
		<item name="upgradeResourcesPackAdmin">,"",""</item><!-- *** Admin_Upgrade_Resources -->
		<item name="craftingResourcesPackAdmin">,"",""</item><!-- *** Admin_Crafting_Resources -->
		<item name="workstationsPackAdmin">,"",""</item><!-- *** Admin_Workstations -->
		<item name="levelDesignToolsAdmin">,"",""</item><!-- *** Admin_Level_Design_Bundle -->
		<item name="toolTerrainModelerAdmin">,"",""</item><!-- *** Admin_Terrain_Remove_Tool -->
		<item name="thrownGrenadeNukeAdmin">,"",""</item><!-- *** Admin_Nuke_Grenade -->
		<item name="adminPerkBook">,"",""</item><!-- *** Admin_Book -->
		<item name="adminSkillMagazine">,"",""</item><!-- *** Admin_Magazine -->
		<item name="adminModSchematic">,"",""</item><!-- *** Admin_Mod_Schematic -->
</items>
