<DIABLOxMJ>
	<insertAfter xpath="/lootcontainers/lootgroup[@name='weaponParts']">
		<!-- Starter Kit Basic -->
		<lootgroup name="mjSKBasic" count="all">
			<!-- Resource -->
			<item name="resourceRockSmall" count="150,250"/>
			<item name="resourceWood" count="250,500"/>
			<item name="resourceYuccaFibers" count="250,500"/>
			<item name="resourceRepairKit" count="5,15"/>
			<!-- Melee Weapon -->
			<item name="meleeWpnBatonT2StunBaton" count="1"/>
			<!-- Weapon -->
			<item name="gunBowT3CompoundBow" count="1" loot_quality_template="qualTwitchT6Template"/>
			<item name="gunHandgunT1Pistol" count="1" loot_quality_template="qualTwitchT6Template"/>
			<!-- Ammo -->
			<item name="ammoArrowIron" count="75,150"/>
			<item name="ammo9mmBulletBall" count="125,175"/>
			<item name="ammoGasCan" count="1500,3500"/>
			<!-- Armor -->
			<item name="armorAssassinHelmet" count="1" loot_quality_template="qualTwitchT6Template"/>
			<item name="armorAssassinOutfit" count="1" loot_quality_template="qualTwitchT6Template"/>
			<item name="armorAssassinGloves" count="1" loot_quality_template="qualTwitchT6Template"/>
			<item name="armorAssassinBoots" count="1" loot_quality_template="qualTwitchT6Template"/>
			<!-- Mod -->
			<item name="modArmorHelmetLight" count="1"/>
			<!-- Medic -->
			<item name="drugAntibiotics" count="1,5"/>
			<item name="medicalFirstAidKit" count="1,5"/>
			<item name="medicalFirstAidBandage" count="4,5"/>
			<!-- Food -->
			<item name="foodSteakAndPotato" count="7,10"/>
			<item name="foodMeatStew" count="2,6"/>
			<!-- Drink -->
			<item name="drinkYuccaJuiceSmoothie" count="7,10"/>
			<item name="drinkJarCoffee" count="1,10"/>
			<!-- Cash -->
			<item name="casinoCoin" count="25,75"/>
			<!-- Vehicle -->
			<item name="vehicleBicyclePlaceable" count="1"/>
			<!-- Admin Tools -->
			<item name="meleeToolPaintToolAdmin" count="1"/>
		</lootgroup>
		<!-- Starter Kit Assassin -->
		<lootgroup name="mjSKAssassin" count="all">
			<!-- Resource -->
			<item name="resourceRockSmall" count="150,250"/>
			<item name="resourceWood" count="250,500"/>
			<item name="resourceYuccaFibers" count="250,500"/>
			<item name="resourceRepairKit" count="5,15"/>
			<!-- Melee Weapon -->
			<item name="meleeWpnBladeT1HuntingKnife" count="1"/>
			<!-- Weapon -->
			<item name="gunHandgunT1Pistol" count="1"/>
			<!-- Ammo -->
			<item name="ammo9mmBulletBall" count="125,175"/>
			<!-- Armor -->
			<item name="armorAssassinHelmet" count="1"/>
			<item name="armorAssassinOutfit" count="1"/>
			<item name="armorAssassinGloves" count="1"/>
			<item name="armorAssassinBoots" count="1"/>
			<!-- Mod -->
			<item name="modArmorNightVision" count="1"/> <!-- "modArmorHelmetLight" Present before in the 1.0.0 -->
			<item name="modGunSoundSuppressorSilencer" count="1"/>
			<!-- Medic -->
			<item name="medicalFirstAidBandage" count="4,5"/>
			<!-- Food -->
			<item name="foodSteakAndPotato" count="7,10"/>
			<item name="foodMeatStew" count="2,6"/>
			<!-- Drink -->
			<item name="drinkJarPureMineralWater" count="7,10"/>
			<item name="drinkJarCoffee" count="1,10"/>
			<!-- Cash -->
			<item name="casinoCoin" count="25,75"/>
		</lootgroup>
		<!-- Starter Kit Athletic -->
		<lootgroup name="mjSKAthletic" count="all">
			<!-- Resource -->
			<item name="resourceRockSmall" count="150,250"/>
			<item name="resourceWood" count="250,500"/>
			<item name="resourceYuccaFibers" count="250,500"/>
			<item name="resourceRepairKit" count="5,15"/>
			<!-- Melee Weapon -->
			<item name="meleeWpnClubT1BaseballBat" count="1"/>
			<!-- Weapon -->
			<item name="gunHandgunT1Pistol" count="1"/>
			<!-- Ammo -->
			<item name="ammo9mmBulletBall" count="125,175"/>
			<!-- Armor -->
			<item name="armorAthleticHelmet" count="1"/>
			<item name="armorAthleticOutfit" count="1"/>
			<item name="armorAthleticGloves" count="1"/>
			<item name="armorAthleticBoots" count="1"/>
			<!-- Mod -->
			<item name="modArmorHelmetLight" count="1"/>
			<!-- Medic -->
			<item name="medicalFirstAidBandage" count="4,5"/>
			<!-- Food -->
			<item name="foodSteakAndPotato" count="7,10"/>
			<item name="foodMeatStew" count="2,6"/>
			<!-- Drink -->
			<item name="drinkJarPureMineralWater" count="7,10"/>
			<item name="drinkJarCoffee" count="1,10"/>
			<!-- Cash -->
			<item name="casinoCoin" count="25,75"/>
			<!-- Vehicle -->
			<item name="vehicleBicyclePlaceable" count="1"/>
		</lootgroup>
		<!-- Starter Kit Biker -->
		<lootgroup name="mjSKBiker" count="all">
			<!-- Resource -->
			<item name="resourceRockSmall" count="150,250"/>
			<item name="resourceWood" count="250,500"/>
			<item name="resourceYuccaFibers" count="250,500"/>
			<item name="resourceRepairKit" count="5,15"/>
			<!-- Melee Weapon -->
			<item name="meleeWpnBladeT1HuntingKnife" count="1"/> <!-- "meleeWpnBladeT1HuntingKnife" Present before in the 1.0.1 -->
			<!-- Weapon -->
			<item name="gunShotgunT1DoubleBarrel" count="1"/>
			<!-- Ammo -->
			<item name="ammoShotgunShell" count="100,150"/>
			<item name="ammoGasCan" count="1500,3500"/>
			<!-- Armor -->
			<item name="armorBikerHelmet" count="1"/>
			<item name="armorBikerOutfit" count="1"/>
			<item name="armorBikerGloves" count="1"/>
			<item name="armorBikerBoots" count="1"/>
			<!-- Mod -->
			<item name="modArmorHelmetLight" count="1"/>
			<!-- Medic -->
			<item name="medicalFirstAidBandage" count="4,5"/>
			<!-- Food -->
			<item name="foodSteakAndPotato" count="7,10"/>
			<!-- Drink -->
			<item name="drinkJarPureMineralWater" count="7,10"/>
			<item name="drinkJarCoffee" count="1,10"/>
			<!-- Cash -->
			<item name="casinoCoin" count="25,75"/>
			<!-- Vehicle -->
			<item name="vehicleMinibikePlaceable" count="1"/> <!-- "vehicleMotorcyclePlaceable" Present before in the 1.0.1 -->
		</lootgroup>
		<!-- Starter Kit Commando -->
		<lootgroup name="mjSKCommando" count="all">
			<!-- Resource -->
			<item name="resourceRockSmall" count="150,250"/>
			<item name="resourceWood" count="250,500"/>
			<item name="resourceYuccaFibers" count="250,500"/>
			<item name="resourceRepairKit" count="5,15"/>
			<!-- Melee Weapon -->
			<item name="meleeWpnBladeT1HuntingKnife" count="1"/>
			<!-- Weapon -->
			<item name="gunHandgunT1Pistol" count="1"/>
			<item name="gunMGT2TacticalAR" count="1"/>
			<!-- Ammo -->
			<item name="ammo9mmBulletBall" count="125,175"/>
			<item name="ammo762mmBulletBall" count="125,175"/>
			<!-- Armor -->
			<item name="armorCommandoHelmet" count="1"/>
			<item name="armorCommandoOutfit" count="1"/>
			<item name="armorCommandoGloves" count="1"/>
			<item name="armorCommandoBoots" count="1"/>
			<!-- Mod -->
			<item name="modArmorNightVision" count="1"/> <!-- "modArmorHelmetLight" Present before in the 1.0.1 -->
			<!-- Medic -->
			<item name="medicalFirstAidBandage" count="4,5"/>
			<!-- Food -->
			<item name="foodSteakAndPotato" count="7,10"/>
			<item name="foodMeatStew" count="2,6"/>
			<!-- Drink -->
			<item name="drinkJarPureMineralWater" count="7,10"/>
			<item name="drinkJarCoffee" count="1,10"/>
			<!-- Cash -->
			<item name="casinoCoin" count="25,75"/>
		</lootgroup>
		<!-- Starter Kit Warlord DISABLE/DLC -->
		<lootgroup name="mjSKWarlord" count="all">
			<!-- Armor -->
			<item name="armorCrimsonWarlordHelmet" count="1"/>
			<item name="armorCrimsonWarlordOutfit" count="1"/>
			<item name="armorCrimsonWarlordGloves" count="1"/>
			<item name="armorCrimsonWarlordBoots" count="1"/>
		</lootgroup>
		<!-- Starter Kit Desert DISABLE/DLC -->
		<lootgroup name="mjSKDesert" count="all">
			<!-- Armor -->
			<item name="armorDesertHelmet" count="1"/>
			<item name="armorDesertOutfit" count="1"/>
			<item name="armorDesertGloves" count="1"/>
			<item name="armorDesertBoots" count="1"/>
		</lootgroup>
		<!-- Starter Kit Enforcer -->
		<lootgroup name="mjSKEnforcer" count="all">
			<!-- Resource -->
			<item name="resourceRockSmall" count="150,250"/>
			<item name="resourceWood" count="250,500"/>
			<item name="resourceYuccaFibers" count="250,500"/>
			<item name="resourceRepairKit" count="5,15"/>
			<!-- Melee Weapon -->
			<item name="meleeWpnBatonT2StunBaton" count="1"/> <!-- "meleeWpnBladeT1HuntingKnife" Present before in the 1.0.1 -->
			<!-- Weapon -->
			<item name="gunHandgunT1Pistol" count="1"/>
			<!-- Ammo -->
			<item name="ammo9mmBulletBall" count="125,175"/>
			<!-- Armor -->
			<item name="armorEnforcerHelmet" count="1"/>
			<item name="armorEnforcerOutfit" count="1"/>
			<item name="armorEnforcerGloves" count="1"/>
			<item name="armorEnforcerBoots" count="1"/>
			<!-- Mod -->
			<item name="modArmorHelmetLight" count="1"/>
			<item name="modGunSoundSuppressorSilencer" count="1"/>
			<!-- Medic -->
			<item name="medicalFirstAidBandage" count="4,5"/>
			<!-- Food -->
			<item name="foodSteakAndPotato" count="7,10"/>
			<item name="foodMeatStew" count="2,6"/>
			<!-- Drink -->
			<item name="drinkJarPureMineralWater" count="7,10"/>
			<item name="drinkJarCoffee" count="1,10"/>
			<!-- Cash -->
			<item name="casinoCoin" count="25,75"/>
		</lootgroup>
		<!-- Starter Kit Farmer -->
		<lootgroup name="mjSKFarmer" count="all">
			<!-- Resource -->
			<item name="resourceRockSmall" count="150,250"/>
			<item name="resourceWood" count="250,500"/>
			<item name="resourceYuccaFibers" count="250,500"/>
			<item name="resourceRepairKit" count="5,15"/>
			<!-- Melee Weapon -->
			<item name="meleeWpnSpearT1IronSpear" count="1"/> <!-- "meleeWpnBladeT1HuntingKnife" Present before in the 1.0.1 -->
			<item name="meleeToolFlashlight02" count="1"/>
			<!-- Weapon -->
			<item name="gunBowT3CompoundCrossbow" count="1"/>
			<!-- Ammo -->
			<item name="ammoCrossbowBoltIron" count="100,150"/>
			<!-- Armor -->
			<item name="armorFarmerHelmet" count="1"/>
			<item name="armorFarmerOutfit" count="1"/>
			<item name="armorFarmerGloves" count="1"/>
			<item name="armorFarmerBoots" count="1"/>
			<!-- Medic -->
			<item name="medicalFirstAidBandage" count="4,5"/>
			<!-- Food -->
			<item name="foodSteakAndPotato" count="7,10"/>
			<item name="foodMeatStew" count="2,6"/>
			<!-- Drink -->
			<item name="drinkJarPureMineralWater" count="7,10"/>
			<item name="drinkJarCoffee" count="1,10"/>
			<!-- Cash -->
			<item name="casinoCoin" count="25,75"/>
		</lootgroup>
		<!-- Starter Kit Hoarder DISABLE/DLC -->
		<lootgroup name="mjSKHoarder" count="all">
			<!-- Armor -->
			<item name="armorHoarderHelmet" count="1"/>
			<item name="armorHoarderOutfit" count="1"/>
			<item name="armorHoarderGloves" count="1"/>
			<item name="armorHoarderBoots" count="1"/>
		</lootgroup>
		<!-- Starter Kit LumberJack -->
		<lootgroup name="mjSKLumberJack" count="all">
			<!-- Resource -->
			<item name="resourceRockSmall" count="150,250"/>
			<item name="resourceWood" count="250,500"/>
			<item name="resourceYuccaFibers" count="250,500"/>
			<item name="resourceRepairKit" count="5,15"/>
			<!-- Melee Weapon -->
			<item name="meleeToolAxeT1IronFireaxe" count="1"/>
			<item name="meleeToolAxeT3Chainsaw" count="1"/>
			<!-- Weapon -->
			<item name="gunRifleT1HuntingRifle" count="1"/>
			<!-- Ammo -->
			<item name="ammo762mmBulletBall" count="100,150"/>
			<!-- Armor -->
			<item name="armorLumberjackHelmet" count="1"/>
			<item name="armorLumberjackOutfit" count="1"/>
			<item name="armorLumberjackGloves" count="1"/>
			<item name="armorLumberjackBoots" count="1"/>
			<!-- Mod -->
			<item name="modArmorHelmetLight" count="1"/>
			<item name="modGunScopeMedium" count="1"/>
			<!-- Medic -->
			<item name="medicalFirstAidBandage" count="4,5"/>
			<!-- Food -->
			<item name="foodSteakAndPotato" count="7,10"/>
			<item name="foodMeatStew" count="2,6"/>
			<!-- Drink -->
			<item name="drinkJarPureMineralWater" count="7,10"/>
			<item name="drinkJarCoffee" count="1,10"/>
			<!-- Cash -->
			<item name="casinoCoin" count="25,75"/>
		</lootgroup>
		<!-- Starter Kit Marauder DISABLE/DLC -->
		<lootgroup name="mjSKMarauder" count="all">
			<!-- Armor -->
			<item name="armorMarauderHelmet" count="1"/>
			<item name="armorMarauderOutfit" count="1"/>
			<item name="armorMarauderGloves" count="1"/>
			<item name="armorMarauderBoots" count="1"/>
		</lootgroup>
		<!-- Starter Kit Miner -->
		<lootgroup name="mjSKMiner" count="all">
			<!-- Resource -->
			<item name="resourceRockSmall" count="150,250"/>
			<item name="resourceWood" count="250,500"/>
			<item name="resourceYuccaFibers" count="250,500"/>
			<item name="resourceRepairKit" count="5,15"/>
			<!-- Melee Weapon -->
			<item name="meleeToolPickT2SteelPickaxe" count="1"/>
			<item name="meleeToolPickT3Auger" count="1"/>
			<!-- Weapon -->
			<item name="gunHandgunT1Pistol" count="1"/>
			<!-- Ammo -->
			<item name="ammo9mmBulletBall" count="125,175"/>
			<item name="ammoGasCan" count="1500,3500"/>
			<!-- Armor -->
			<item name="armorMinerHelmet" count="1"/>
			<item name="armorMinerOutfit" count="1"/>
			<item name="armorMinerGloves" count="1"/>
			<item name="armorMinerBoots" count="1"/>
			<!-- Mod -->
			<item name="modArmorHelmetLight" count="1"/>
			<!-- Medic -->
			<item name="medicalFirstAidBandage" count="4,5"/>
			<!-- Food -->
			<item name="foodSteakAndPotato" count="7,10"/>
			<item name="foodMeatStew" count="2,6"/>
			<!-- Drink -->
			<item name="drinkJarPureMineralWater" count="7,10"/>
			<item name="drinkJarCoffee" count="1,10"/>
			<!-- Cash -->
			<item name="casinoCoin" count="25,75"/>
		</lootgroup>
		<!-- Starter Kit Nerd -->
		<lootgroup name="mjSKNerd" count="all">
			<!-- Resource -->
			<item name="resourceRockSmall" count="150,250"/>
			<item name="resourceWood" count="250,500"/>
			<item name="resourceYuccaFibers" count="250,500"/>
			<item name="resourceRepairKit" count="5,15"/>
			<!-- Melee Weapon -->
			<item name="meleeWpnBatonT2StunBaton" count="1"/>
			<!-- Armor -->
			<item name="armorNerdHelmet" count="1"/>
			<item name="armorNerdOutfit" count="1"/>
			<item name="armorNerdGloves" count="1"/>
			<item name="armorNerdBoots" count="1"/>
			<!-- Mod -->
			<item name="modArmorHelmetLight" count="1"/>
			<!-- Medic -->
			<item name="medicalFirstAidBandage" count="4,5"/> <!-- "medicalBandage" Present before in the 1.0.1 -->
			<!-- Food -->
			<item name="foodSteakAndPotato" count="7,10"/>
			<!-- Drink -->
			<item name="drinkCanMegaCrush" count="7,10"/>
			<!-- Cash -->
			<item name="casinoCoin" count="25,75"/>
			<!-- Vehicle -->
			<item name="vehicleBicyclePlaceable" count="1"/>
		</lootgroup>
		<!-- Starter Kit Nomad -->
		<lootgroup name="mjSKNomad" count="all">
			<!-- Resource -->
			<item name="resourceRockSmall" count="150,250"/>
			<item name="resourceWood" count="250,500"/>
			<item name="resourceYuccaFibers" count="250,500"/>
			<item name="resourceRepairKit" count="5,15"/>
			<!-- Melee Weapon -->
			<item name="meleeWpnSpearT1IronSpear" count="1"/> <!-- "meleeWpnBladeT1HuntingKnife" Present before in the 1.0.1 -->
			<!-- Weapon -->
			<item name="gunHandgunT3SMG5" count="1"/>
			<!-- Ammo -->
			<item name="ammo9mmBulletBall" count="125,175"/>
			<!-- Armor -->
			<item name="armorNomadHelmet" count="1"/>
			<item name="armorNomadOutfit" count="1"/>
			<item name="armorNomadGloves" count="1"/>
			<item name="armorNomadBoots" count="1"/>
			<!-- Mod -->
			<item name="modArmorHelmetLight" count="1"/>
			<!-- Medic -->
			<item name="medicalFirstAidBandage" count="4,5"/>
			<!-- Food -->
			<item name="foodChiliDog" count="7,10"/>
			<!-- Drink -->
			<item name="drinkJarPureMineralWater" count="7,10"/>
			<item name="drinkJarCoffee" count="1,10"/>
			<!-- Cash -->
			<item name="casinoCoin" count="25,75"/>
		</lootgroup>
		<!-- Starter Kit Preacher -->
		<lootgroup name="mjSKPreacher" count="all">
			<!-- Melee Weapon -->
			<item name="meleeWpnBladeT1HuntingKnife" count="1"/>
			<!-- Armor -->
			<item name="armorPreacherHelmet" count="1"/>
			<item name="armorPreacherOutfit" count="1"/>
			<item name="armorPreacherGloves" count="1"/>
			<item name="armorPreacherBoots" count="1"/>
			<!-- Medic -->
			<item name="medicalFirstAidBandage" count="1,3"/>
			<!-- Food -->
			<item name="foodCornBread" count="7,10"/>
			<!-- Drink -->
			<item name="drinkJarPureMineralWater" count="7,10"/>
		</lootgroup>
		<!-- Starter Kit Primitive -->
		<lootgroup name="mjSKPrimitive" count="all">
			<!-- Melee Weapon -->
			<item name="meleeWpnBladeT0BoneKnife" count="1"/>
			<item name="meleeToolTorch" count="1"/>
			<!-- Weapon -->
			<item name="gunBowT0PrimitiveBow" count="1"/>
			<!-- Ammo -->
			<item name="ammoArrowStone" count="125,175"/>
			<!-- Armor -->
			<item name="armorPrimitiveHelmet" count="1"/>
			<item name="armorPrimitiveOutfit" count="1"/>
			<item name="armorPrimitiveGloves" count="1"/>
			<item name="armorPrimitiveBoots" count="1"/>
			<!-- Food -->
			<item name="foodRawMeat" count="2,5"/>
			<!-- Drink -->
			<item name="drinkJarBoiledWater" count="1,3"/>
		</lootgroup>
		<!-- Starter Kit Raider -->
		<lootgroup name="mjSKRaider" count="all">
			<!-- Resource -->
			<item name="resourceRockSmall" count="150,250"/>
			<item name="resourceWood" count="250,500"/>
			<item name="resourceYuccaFibers" count="250,500"/>
			<!-- Melee Weapon -->
			<item name="meleeWpnKnucklesT1IronKnuckles" count="1"/> <!-- "meleeWpnBladeT1HuntingKnife" Present before in the 1.0.1 -->
			<item name="meleeToolFlashlight02" count="1"/>
			<!-- Weapon -->
			<item name="gunHandgunT0PipePistol" count="1"/>
			<!-- Ammo -->
			<item name="ammo9mmBulletBall" count="45,95"/>
			<!-- Armor -->
			<item name="armorRaiderHelmet" count="1"/>
			<item name="armorRaiderOutfit" count="1"/>
			<item name="armorRaiderGloves" count="1"/>
			<item name="armorRaiderBoots" count="1"/>
			<!-- Medic -->
			<item name="medicalBandage" count="4,5"/>
			<!-- Food -->
			<item name="foodMeatStew" count="2,6"/>
			<!-- Drink -->
			<item name="drinkJarPureMineralWater" count="7,10"/>
		</lootgroup>
		<!-- Starter Kit Ranger -->
		<lootgroup name="mjSKRanger" count="all">
			<!-- Resource -->
			<item name="resourceRockSmall" count="150,250"/>
			<item name="resourceWood" count="250,500"/>
			<item name="resourceYuccaFibers" count="250,500"/>
			<item name="resourceRepairKit" count="5,15"/>
			<!-- Melee Weapon -->
			<item name="meleeWpnBladeT1HuntingKnife" count="1"/>
			<!-- Weapon -->
			<item name="gunHandgunT2Magnum44" count="1"/>
			<!-- Ammo -->
			<item name="ammo44MagnumBulletBall" count="125,175"/>
			<!-- Armor -->
			<item name="armorRangerHelmet" count="1"/>
			<item name="armorRangerOutfit" count="1"/>
			<item name="armorRangerGloves" count="1"/>
			<item name="armorRangerBoots" count="1"/>
			<!-- Mod -->
			<item name="modArmorHelmetLight" count="1"/>
			<!-- Medic -->
			<item name="medicalFirstAidBandage" count="4,5"/>
			<!-- Food -->
			<item name="foodSteakAndPotato" count="7,10"/>
			<item name="foodMeatStew" count="2,6"/>
			<!-- Drink -->
			<item name="drinkJarPureMineralWater" count="7,10"/>
			<item name="drinkJarCoffee" count="1,10"/>
			<!-- Cash -->
			<item name="casinoCoin" count="25,75"/>
		</lootgroup>
		<!-- Starter Kit Rogue -->
		<lootgroup name="mjSKRogue" count="all">
			<!-- Resource -->
			<item name="resourceRockSmall" count="150,250"/>
			<item name="resourceWood" count="250,500"/>
			<item name="resourceYuccaFibers" count="250,500"/>
			<item name="resourceRepairKit" count="5,15"/>
			<item name="resourceLockPick" count="5,15"/>
			<!-- Melee Weapon -->
			<item name="meleeWpnClubT1BaseballBat" count="1"/> <!-- "meleeWpnBladeT1HuntingKnife" Present before in the 1.0.1 -->
			<!-- Weapon -->
			<item name="gunHandgunT1Pistol" count="1"/>
			<!-- Ammo -->
			<item name="ammo9mmBulletBall" count="125,175"/>
			<!-- Armor -->
			<item name="armorRogueHelmet" count="1"/>
			<item name="armorRogueOutfit" count="1"/>
			<item name="armorRogueGloves" count="1"/>
			<item name="armorRogueBoots" count="1"/>
			<!-- Mod -->
			<item name="modArmorHelmetLight" count="1"/>
			<!-- Medic -->
			<item name="medicalFirstAidBandage" count="4,5"/>
			<!-- Food -->
			<item name="foodSteakAndPotato" count="7,10"/>
			<item name="foodMeatStew" count="2,6"/>
			<!-- Drink -->
			<item name="drinkJarPureMineralWater" count="7,10"/>
			<item name="drinkJarCoffee" count="1,10"/>
			<!-- Cash -->
			<item name="casinoCoin" count="25,75"/>
			<!-- Vehicle -->
			<item name="vehicleBicyclePlaceable" count="1"/>
		</lootgroup>
		<!-- Starter Kit Samurai DISABLE/DLC -->
		<lootgroup name="mjSKSamurai" count="all">
			<!-- Armor -->
			<item name="armorSamuraiHelmet" count="1"/>
			<item name="armorSamuraiOutfit" count="1"/>
			<item name="armorSamuraiGloves" count="1"/>
			<item name="armorSamuraiBoots" count="1"/>
		</lootgroup>
		<!-- Starter Kit Scavenger -->
		<lootgroup name="mjSKScavenger" count="all">
			<!-- Resource -->
			<item name="resourceRockSmall" count="150,250"/>
			<item name="resourceWood" count="250,500"/>
			<item name="resourceYuccaFibers" count="250,500"/>
			<item name="resourceRepairKit" count="5,15"/>
			<!-- Melee Weapon -->
			<item name="meleeWpnBladeT1HuntingKnife" count="1"/>
			<!-- Weapon -->
			<item name="gunHandgunT1Pistol" count="1"/>
			<!-- Ammo -->
			<item name="ammo9mmBulletBall" count="125,175"/>
			<!-- Armor -->
			<item name="armorScavengerHelmet" count="1"/>
			<item name="armorScavengerOutfit" count="1"/>
			<item name="armorScavengerGloves" count="1"/>
			<item name="armorScavengerBoots" count="1"/>
			<!-- Mod -->
			<item name="modArmorHelmetLight" count="1"/>
			<!-- Medic -->
			<item name="medicalFirstAidBandage" count="4,5"/>
			<!-- Food -->
			<item name="foodSteakAndPotato" count="7,10"/>
			<item name="foodMeatStew" count="2,6"/>
			<!-- Drink -->
			<item name="drinkJarPureMineralWater" count="7,10"/>
			<item name="drinkJarCoffee" count="1,10"/>
			<!-- Cash -->
			<item name="casinoCoin" count="25,75"/>
			<!-- Vehicle -->
			<item name="vehicleBicyclePlaceable" count="1"/>
		</lootgroup>
	</insertAfter>
	<insertAfter xpath="/lootcontainers/lootcontainer[@name='twitch_home_run_rewardsT1']">
		<lootcontainer name="mjBlockSKBasic" count="1" size="9,5" destroy_on_close="false" sound_open="UseActions/open_backpack" sound_close="UseActions/close_backpack" open_time="0.2" loot_quality_template="questT1QualTemplate">
			<item group="mjSKBasic"/>
		</lootcontainer>
		<lootcontainer name="mjBlockSKAssassin" count="1" size="9,5" destroy_on_close="false" sound_open="UseActions/open_backpack" sound_close="UseActions/close_backpack" open_time="0.2" loot_quality_template="questT1QualTemplate">
			<item group="mjSKAssassin"/>
		</lootcontainer>
		<lootcontainer name="mjBlockSKAthletic" count="1" size="9,5" destroy_on_close="false" sound_open="UseActions/open_backpack" sound_close="UseActions/close_backpack" open_time="0.2" loot_quality_template="questT1QualTemplate">
			<item group="mjSKAthletic"/>
		</lootcontainer>
		<lootcontainer name="mjBlockSKBiker" count="1" size="9,5" destroy_on_close="false" sound_open="UseActions/open_backpack" sound_close="UseActions/close_backpack" open_time="0.2" loot_quality_template="questT1QualTemplate">
			<item group="mjSKBiker"/>
		</lootcontainer>
		<lootcontainer name="mjBlockSKCommando" count="1" size="9,5" destroy_on_close="false" sound_open="UseActions/open_backpack" sound_close="UseActions/close_backpack" open_time="0.2" loot_quality_template="questT1QualTemplate">
			<item group="mjSKCommando"/>
		</lootcontainer>
		<lootcontainer name="mjBlockSKWarlord" count="1" size="9,5" destroy_on_close="false" sound_open="UseActions/open_backpack" sound_close="UseActions/close_backpack" open_time="0.2" loot_quality_template="questT1QualTemplate">
			<item group="mjSKWarlord"/>
		</lootcontainer>
		<lootcontainer name="mjBlockSKDesert" count="1" size="9,5" destroy_on_close="false" sound_open="UseActions/open_backpack" sound_close="UseActions/close_backpack" open_time="0.2" loot_quality_template="questT1QualTemplate">
			<item group="mjSKDesert"/>
		</lootcontainer>
		<lootcontainer name="mjBlockSKEnforcer" count="1" size="9,5" destroy_on_close="false" sound_open="UseActions/open_backpack" sound_close="UseActions/close_backpack" open_time="0.2" loot_quality_template="questT1QualTemplate">
			<item group="mjSKEnforcer"/>
		</lootcontainer>
		<lootcontainer name="mjBlockSKFarmer" count="1" size="9,5" destroy_on_close="false" sound_open="UseActions/open_backpack" sound_close="UseActions/close_backpack" open_time="0.2" loot_quality_template="questT1QualTemplate">
			<item group="mjSKFarmer"/>
		</lootcontainer>
		<lootcontainer name="mjBlockSKHoarder" count="1" size="9,5" destroy_on_close="false" sound_open="UseActions/open_backpack" sound_close="UseActions/close_backpack" open_time="0.2" loot_quality_template="questT1QualTemplate">
			<item group="mjSKHoarder"/>
		</lootcontainer>
		<lootcontainer name="mjBlockSKLumberJack" count="1" size="9,5" destroy_on_close="false" sound_open="UseActions/open_backpack" sound_close="UseActions/close_backpack" open_time="0.2" loot_quality_template="questT1QualTemplate">
			<item group="mjSKLumberJack"/>
		</lootcontainer>
		<lootcontainer name="mjBlockSKMarauder" count="1" size="9,5" destroy_on_close="false" sound_open="UseActions/open_backpack" sound_close="UseActions/close_backpack" open_time="0.2" loot_quality_template="questT1QualTemplate">
			<item group="mjSKMarauder"/>
		</lootcontainer>
		<lootcontainer name="mjBlockSKMiner" count="1" size="9,5" destroy_on_close="false" sound_open="UseActions/open_backpack" sound_close="UseActions/close_backpack" open_time="0.2" loot_quality_template="questT1QualTemplate">
			<item group="mjSKMiner"/>
		</lootcontainer>
		<lootcontainer name="mjBlockSKNerd" count="1" size="9,5" destroy_on_close="false" sound_open="UseActions/open_backpack" sound_close="UseActions/close_backpack" open_time="0.2" loot_quality_template="questT1QualTemplate">
			<item group="mjSKNerd"/>
		</lootcontainer>
		<lootcontainer name="mjBlockSKNomad" count="1" size="9,5" destroy_on_close="false" sound_open="UseActions/open_backpack" sound_close="UseActions/close_backpack" open_time="0.2" loot_quality_template="questT1QualTemplate">
			<item group="mjSKNomad"/>
		</lootcontainer>
		<lootcontainer name="mjBlockSKPreacher" count="1" size="9,5" destroy_on_close="false" sound_open="UseActions/open_backpack" sound_close="UseActions/close_backpack" open_time="0.2" loot_quality_template="questT1QualTemplate">
			<item group="mjSKPreacher"/>
		</lootcontainer>
		<lootcontainer name="mjBlockSKPrimitive" count="1" size="9,5" destroy_on_close="false" sound_open="UseActions/open_backpack" sound_close="UseActions/close_backpack" open_time="0.2" loot_quality_template="questT1QualTemplate">
			<item group="mjSKPrimitive"/>
		</lootcontainer>
		<lootcontainer name="mjBlockSKRaider" count="1" size="9,5" destroy_on_close="false" sound_open="UseActions/open_backpack" sound_close="UseActions/close_backpack" open_time="0.2" loot_quality_template="questT1QualTemplate">
			<item group="mjSKRaider"/>
		</lootcontainer>
		<lootcontainer name="mjBlockSKRanger" count="1" size="9,5" destroy_on_close="false" sound_open="UseActions/open_backpack" sound_close="UseActions/close_backpack" open_time="0.2" loot_quality_template="questT1QualTemplate">
			<item group="mjSKRanger"/>
		</lootcontainer>
		<lootcontainer name="mjBlockSKRogue" count="1" size="9,5" destroy_on_close="false" sound_open="UseActions/open_backpack" sound_close="UseActions/close_backpack" open_time="0.2" loot_quality_template="questT1QualTemplate">
			<item group="mjSKRogue"/>
		</lootcontainer>
		<lootcontainer name="mjBlockSKSamurai" count="1" size="9,5" destroy_on_close="false" sound_open="UseActions/open_backpack" sound_close="UseActions/close_backpack" open_time="0.2" loot_quality_template="questT1QualTemplate">
			<item group="mjSKSamurai"/>
		</lootcontainer>
		<lootcontainer name="mjBlockSKScavenger" count="1" size="9,5" destroy_on_close="false" sound_open="UseActions/open_backpack" sound_close="UseActions/close_backpack" open_time="0.2" loot_quality_template="questT1QualTemplate">
			<item group="mjSKScavenger"/>
		</lootcontainer>
	</insertAfter>
</DIABLOxMJ>